{
    "version": "0.4",
    "title": "Cart",
    "type": "page",
    "metadata": {
        "template_type": "single-page",
        "include_in_zip": "1",
        "elementor_pro_required": "1",
        "wp_page_template": "elementor_header_footer"
    },
    "content": [
        {
            "id": "5e785ecc",
            "settings": {
                "content_position": "middle",
                "structure": "20",
                "background_background": "classic",
                "padding": {
                    "unit": "em",
                    "top": "2",
                    "right": "0",
                    "bottom": "2",
                    "left": "0",
                    "isLinked": false
                },
                "padding_tablet": {
                    "unit": "em",
                    "top": "",
                    "right": "",
                    "bottom": "",
                    "left": "",
                    "isLinked": true
                },
                "padding_mobile": {
                    "unit": "em",
                    "top": "",
                    "right": "",
                    "bottom": "",
                    "left": "",
                    "isLinked": true
                },
                "__globals__": {
                    "background_color": "globals\/colors?id=cfa1f76"
                }
            },
            "elements": [
                {
                    "id": "93a2a26",
                    "settings": {
                        "_column_size": 50,
                        "_inline_size": null,
                        "_inline_size_mobile": 50
                    },
                    "elements": [
                        {
                            "id": "6036dc88",
                            "settings": {
                                "title": "Your Cart\n",
                                "header_size": "h3"
                            },
                            "elements": [],
                            "isInner": false,
                            "widgetType": "heading",
                            "elType": "widget"
                        }
                    ],
                    "isInner": false,
                    "elType": "column"
                },
                {
                    "id": "55d77c36",
                    "settings": {
                        "_column_size": 50,
                        "_inline_size": null,
                        "_inline_size_mobile": 50
                    },
                    "elements": [
                        {
                            "id": "714bbedf",
                            "settings": {
                                "text": "Back to shop",
                                "align": "right",
                                "size": "xs"
                            },
                            "elements": [],
                            "isInner": false,
                            "widgetType": "button",
                            "elType": "widget"
                        }
                    ],
                    "isInner": false,
                    "elType": "column"
                }
            ],
            "isInner": false,
            "elType": "section"
        },
        {
            "id": "924e661",
            "settings": {
                "padding": {
                    "unit": "em",
                    "top": "3",
                    "right": "0",
                    "bottom": "7",
                    "left": "0",
                    "isLinked": false
                },
                "padding_tablet": {
                    "unit": "em",
                    "top": "3",
                    "right": "1",
                    "bottom": "3",
                    "left": "1",
                    "isLinked": false
                },
                "padding_mobile": {
                    "unit": "em",
                    "top": "2",
                    "right": "0",
                    "bottom": "2",
                    "left": "0",
                    "isLinked": false
                }
            },
            "elements": [
                {
                    "id": "25048c74",
                    "settings": {
                        "_column_size": 100,
                        "_inline_size": null
                    },
                    "elements": [
                        {
                            "id": "6a0c6e65",
                            "settings": {
                                "update_cart_button_text": "Update Cart",
                                "apply_coupon_button_text": "Apply coupon",
                                "totals_section_title": "Cart Totals",
                                "update_shipping_button_text": "Update",
                                "checkout_button_text": "Proceed to Checkout",
                                "sections_border_type": "solid",
                                "sections_border_width": {
                                    "unit": "px",
                                    "top": "1",
                                    "right": "1",
                                    "bottom": "1",
                                    "left": "1",
                                    "isLinked": true
                                },
                                "sections_padding": {
                                    "unit": "em",
                                    "top": "1",
                                    "right": "1",
                                    "bottom": "1",
                                    "left": "1",
                                    "isLinked": true
                                },
                                "sections_padding_tablet": {
                                    "unit": "em",
                                    "top": "",
                                    "right": "",
                                    "bottom": "",
                                    "left": "",
                                    "isLinked": true
                                },
                                "sections_padding_mobile": {
                                    "unit": "em",
                                    "top": "0",
                                    "right": "0",
                                    "bottom": "0",
                                    "left": "0",
                                    "isLinked": true
                                },
                                "sections_margin": {
                                    "unit": "em",
                                    "top": "",
                                    "right": "",
                                    "bottom": "",
                                    "left": "",
                                    "isLinked": true
                                },
                                "sections_margin_tablet": {
                                    "unit": "em",
                                    "top": "",
                                    "right": "",
                                    "bottom": "",
                                    "left": "",
                                    "isLinked": true
                                },
                                "sections_margin_mobile": {
                                    "unit": "em",
                                    "top": "",
                                    "right": "",
                                    "bottom": "",
                                    "left": "",
                                    "isLinked": true
                                },
                                "forms_fields_normal_background_background": "classic",
                                "forms_fields_focus_background_background": "classic",
                                "forms_fields_border_width": {
                                    "unit": "px",
                                    "top": "1",
                                    "right": "1",
                                    "bottom": "1",
                                    "left": "1",
                                    "isLinked": true
                                },
                                "forms_buttons_normal_background_background": "classic",
                                "forms_buttons_hover_background_background": "classic",
                                "forms_buttons_border_width": {
                                    "unit": "px",
                                    "top": "2",
                                    "right": "2",
                                    "bottom": "2",
                                    "left": "2",
                                    "isLinked": true
                                },
                                "__globals__": {
                                    "sections_border_color": "globals\/colors?id=text",
                                    "sections_titles_typography_typography": "globals\/typography?id=7044a64",
                                    "sections_descriptions_typography_typography": "globals\/typography?id=b2ce6af",
                                    "links_normal_color": "globals\/colors?id=primary",
                                    "links_hover_color": "globals\/colors?id=c3b4b98",
                                    "sections_radio_buttons_typography_typography": "globals\/typography?id=b2ce6af",
                                    "forms_field_typography_typography": "globals\/typography?id=b2ce6af",
                                    "forms_fields_normal_color": "globals\/colors?id=primary",
                                    "forms_fields_normal_background_color": "globals\/colors?id=cfa1f76",
                                    "forms_fields_focus_color": "globals\/colors?id=primary",
                                    "forms_fields_focus_background_color": "globals\/colors?id=text",
                                    "forms_button_typography_typography": "globals\/typography?id=b2ce6af",
                                    "forms_buttons_normal_text_color": "globals\/colors?id=primary",
                                    "forms_buttons_normal_background_color": "globals\/colors?id=d49ac81",
                                    "forms_buttons_hover_text_color": "globals\/colors?id=primary",
                                    "forms_buttons_hover_background_color": "globals\/colors?id=332724a",
                                    "forms_fields_border_color": "globals\/colors?id=cfa1f76",
                                    "forms_fields_focus_border_color": "",
                                    "forms_buttons_border_color": "globals\/colors?id=d49ac81",
                                    "forms_buttons_hover_border_color": "globals\/colors?id=332724a",
                                    "order_summary_title_typography_typography": "globals\/typography?id=520c191",
                                    "order_summary_items_typography_typography": "globals\/typography?id=69c152f",
                                    "order_summary_variations_typography_typography": "globals\/typography?id=69c152f",
                                    "product_link_normal_color": "globals\/colors?id=primary",
                                    "product_link_hover_color": "globals\/colors?id=c3b4b98",
                                    "order_summary_items_divider_color": "globals\/colors?id=4d462f5",
                                    "order_summary_quantity_border_color": "globals\/colors?id=4d462f5",
                                    "order_summary_remove_icon_normal_color": "globals\/colors?id=4d462f5",
                                    "order_summary_remove_icon_hover_color": "globals\/colors?id=d49ac81",
                                    "totals_typography_typography": "globals\/typography?id=520c191",
                                    "totals_divider_color": "globals\/colors?id=accent",
                                    "checkout_button_typography_typography": "globals\/typography?id=b2ce6af",
                                    "checkout_button_normal_text_color": "globals\/colors?id=primary",
                                    "checkout_button_normal_background_color": "globals\/colors?id=d49ac81",
                                    "checkout_button_hover_text_color": "globals\/colors?id=primary",
                                    "checkout_button_hover_background_color": "globals\/colors?id=332724a",
                                    "totals_section_border_color": "globals\/colors?id=accent",
                                    "sections_totals_background_color": "globals\/colors?id=639e8dd",
                                    "totals_section_titles_color": "globals\/colors?id=text",
                                    "totals_section_content_color": "globals\/colors?id=text",
                                    "totals_color": "globals\/colors?id=text"
                                },
                                "sections_border_color": "#FFFFFF",
                                "sections_titles_typography_typography": "custom",
                                "sections_titles_typography_font_family": "Red Hat Display",
                                "sections_titles_typography_font_size": {
                                    "unit": "px",
                                    "size": 18.660000000000000142108547152020037174224853515625,
                                    "sizes": []
                                },
                                "sections_titles_typography_font_size_tablet": {
                                    "unit": "px",
                                    "size": 17.5,
                                    "sizes": []
                                },
                                "sections_titles_typography_font_size_mobile": {
                                    "unit": "px",
                                    "size": 15.5999999999999996447286321199499070644378662109375,
                                    "sizes": []
                                },
                                "sections_titles_typography_font_weight": "700",
                                "sections_titles_typography_line_height": {
                                    "unit": "em",
                                    "size": 1.399999999999999911182158029987476766109466552734375,
                                    "sizes": []
                                },
                                "sections_titles_typography_word_spacing": {
                                    "unit": "em",
                                    "size": "",
                                    "sizes": []
                                },
                                "sections_descriptions_typography_typography": "custom",
                                "sections_descriptions_typography_font_family": "Inter",
                                "sections_descriptions_typography_font_size": {
                                    "unit": "px",
                                    "size": 16,
                                    "sizes": []
                                },
                                "sections_descriptions_typography_font_size_tablet": {
                                    "unit": "px",
                                    "size": 15,
                                    "sizes": []
                                },
                                "sections_descriptions_typography_font_size_mobile": {
                                    "unit": "px",
                                    "size": 14,
                                    "sizes": []
                                },
                                "sections_descriptions_typography_font_weight": "400",
                                "sections_descriptions_typography_text_transform": "none",
                                "sections_descriptions_typography_font_style": "normal",
                                "sections_descriptions_typography_line_height": {
                                    "unit": "em",
                                    "size": 1.5,
                                    "sizes": []
                                },
                                "sections_descriptions_typography_word_spacing": {
                                    "unit": "em",
                                    "size": "",
                                    "sizes": []
                                },
                                "links_normal_color": "#393C41",
                                "links_hover_color": "#0057FF",
                                "sections_radio_buttons_typography_typography": "custom",
                                "sections_radio_buttons_typography_font_family": "Inter",
                                "sections_radio_buttons_typography_font_size": {
                                    "unit": "px",
                                    "size": 16,
                                    "sizes": []
                                },
                                "sections_radio_buttons_typography_font_size_tablet": {
                                    "unit": "px",
                                    "size": 15,
                                    "sizes": []
                                },
                                "sections_radio_buttons_typography_font_size_mobile": {
                                    "unit": "px",
                                    "size": 14,
                                    "sizes": []
                                },
                                "sections_radio_buttons_typography_font_weight": "400",
                                "sections_radio_buttons_typography_text_transform": "none",
                                "sections_radio_buttons_typography_font_style": "normal",
                                "sections_radio_buttons_typography_line_height": {
                                    "unit": "em",
                                    "size": 1.5,
                                    "sizes": []
                                },
                                "sections_radio_buttons_typography_word_spacing": {
                                    "unit": "em",
                                    "size": "",
                                    "sizes": []
                                },
                                "forms_field_typography_typography": "custom",
                                "forms_field_typography_font_family": "Inter",
                                "forms_field_typography_font_size": {
                                    "unit": "px",
                                    "size": 16,
                                    "sizes": []
                                },
                                "forms_field_typography_font_size_tablet": {
                                    "unit": "px",
                                    "size": 15,
                                    "sizes": []
                                },
                                "forms_field_typography_font_size_mobile": {
                                    "unit": "px",
                                    "size": 14,
                                    "sizes": []
                                },
                                "forms_field_typography_font_weight": "400",
                                "forms_field_typography_text_transform": "none",
                                "forms_field_typography_font_style": "normal",
                                "forms_field_typography_line_height": {
                                    "unit": "em",
                                    "size": 1.5,
                                    "sizes": []
                                },
                                "forms_field_typography_word_spacing": {
                                    "unit": "em",
                                    "size": "",
                                    "sizes": []
                                },
                                "forms_fields_normal_color": "#393C41",
                                "forms_fields_normal_background_color": "#F4F4F4",
                                "forms_fields_focus_color": "#393C41",
                                "forms_fields_focus_background_color": "#FFFFFF",
                                "forms_fields_focus_transition_duration": {
                                    "unit": "px",
                                    "size": 1,
                                    "sizes": []
                                },
                                "forms_fields_border_color": "#FFFFFF",
                                "forms_button_typography_typography": "custom",
                                "forms_button_typography_font_family": "Inter",
                                "forms_button_typography_font_size": {
                                    "unit": "px",
                                    "size": 16,
                                    "sizes": []
                                },
                                "forms_button_typography_font_size_tablet": {
                                    "unit": "px",
                                    "size": 15,
                                    "sizes": []
                                },
                                "forms_button_typography_font_size_mobile": {
                                    "unit": "px",
                                    "size": 14,
                                    "sizes": []
                                },
                                "forms_button_typography_font_weight": "400",
                                "forms_button_typography_text_transform": "none",
                                "forms_button_typography_font_style": "normal",
                                "forms_button_typography_line_height": {
                                    "unit": "em",
                                    "size": 1.5,
                                    "sizes": []
                                },
                                "forms_button_typography_word_spacing": {
                                    "unit": "em",
                                    "size": "",
                                    "sizes": []
                                },
                                "forms_buttons_normal_text_color": "#393C41",
                                "forms_buttons_normal_background_color": "#FFCE00",
                                "forms_buttons_hover_text_color": "#393C41",
                                "forms_buttons_hover_background_color": "#FFF200",
                                "forms_buttons_border_type": "solid",
                                "forms_buttons_border_radius": {
                                    "unit": "px",
                                    "top": "5",
                                    "right": "5",
                                    "bottom": "5",
                                    "left": "5",
                                    "isLinked": true
                                },
                                "order_summary_rows_gap": {
                                    "unit": "px",
                                    "size": 14,
                                    "sizes": [],
                                    "px": 0
                                },
                                "order_summary_rows_gap_tablet": {
                                    "unit": "px",
                                    "size": 14,
                                    "sizes": []
                                },
                                "order_summary_rows_gap_mobile": {
                                    "unit": "px",
                                    "size": 14,
                                    "sizes": []
                                },
                                "totals_divider_weight": {
                                    "unit": "px",
                                    "size": 1,
                                    "sizes": []
                                },
                                "checkout_button_normal_background_background": "classic",
                                "checkout_button_hover_background_background": "classic",
                                "section_cart_show_customize_elements": [
                                    "customize_totals"
                                ],
                                "totals_section_border_type": "solid",
                                "totals_section_border_width": {
                                    "unit": "px",
                                    "top": "1",
                                    "right": "1",
                                    "bottom": "1",
                                    "left": "1",
                                    "isLinked": true
                                },
                                "totals_section_border_radius": {
                                    "unit": "px",
                                    "top": "10",
                                    "right": "10",
                                    "bottom": "10",
                                    "left": "10",
                                    "isLinked": true
                                },
                                "checkout_sections_padding": {
                                    "unit": "em",
                                    "top": "2",
                                    "right": "2",
                                    "bottom": "2",
                                    "left": "2",
                                    "isLinked": true
                                },
                                "checkout_sections_padding_tablet": {
                                    "unit": "em",
                                    "top": "",
                                    "right": "",
                                    "bottom": "",
                                    "left": "",
                                    "isLinked": true
                                },
                                "checkout_sections_padding_mobile": {
                                    "unit": "em",
                                    "top": "1",
                                    "right": "1",
                                    "bottom": "1",
                                    "left": "1",
                                    "isLinked": true
                                }
                            },
                            "elements": [],
                            "isInner": false,
                            "widgetType": "woocommerce-cart",
                            "elType": "widget"
                        }
                    ],
                    "isInner": false,
                    "elType": "column"
                }
            ],
            "isInner": false,
            "elType": "section"
        }
    ]
}