{
    "version": "0.4",
    "title": "Checkout",
    "type": "page",
    "metadata": {
        "template_type": "single-page",
        "include_in_zip": "1",
        "elementor_pro_required": "1",
        "wp_page_template": "elementor_header_footer"
    },
    "content": [
        {
            "id": "2cc15730",
            "settings": {
                "content_position": "middle",
                "structure": "20",
                "background_background": "classic",
                "padding": {
                    "unit": "em",
                    "top": "2",
                    "right": "0",
                    "bottom": "2",
                    "left": "0",
                    "isLinked": false
                },
                "padding_tablet": {
                    "unit": "em",
                    "top": "",
                    "right": "",
                    "bottom": "",
                    "left": "",
                    "isLinked": true
                },
                "padding_mobile": {
                    "unit": "em",
                    "top": "",
                    "right": "",
                    "bottom": "",
                    "left": "",
                    "isLinked": true
                },
                "__globals__": {
                    "background_color": "globals\/colors?id=cfa1f76"
                }
            },
            "elements": [
                {
                    "id": "38dfb150",
                    "settings": {
                        "_column_size": 50,
                        "_inline_size": null,
                        "_inline_size_mobile": 50
                    },
                    "elements": [
                        {
                            "id": "58d9183b",
                            "settings": {
                                "title": "Checkout\n",
                                "header_size": "h3"
                            },
                            "elements": [],
                            "isInner": false,
                            "widgetType": "heading",
                            "elType": "widget"
                        }
                    ],
                    "isInner": false,
                    "elType": "column"
                },
                {
                    "id": "5b891265",
                    "settings": {
                        "_column_size": 50,
                        "_inline_size": null,
                        "_inline_size_mobile": 50
                    },
                    "elements": [
                        {
                            "id": "532bbbdd",
                            "settings": {
                                "text": "Back to shop",
                                "align": "right",
                                "size": "xs"
                            },
                            "elements": [],
                            "isInner": false,
                            "widgetType": "button",
                            "elType": "widget"
                        }
                    ],
                    "isInner": false,
                    "elType": "column"
                }
            ],
            "isInner": false,
            "elType": "section"
        },
        {
            "id": "32dc6590",
            "settings": {
                "padding": {
                    "unit": "em",
                    "top": "3",
                    "right": "0",
                    "bottom": "7",
                    "left": "0",
                    "isLinked": false
                },
                "padding_tablet": {
                    "unit": "em",
                    "top": "3",
                    "right": "1",
                    "bottom": "3",
                    "left": "1",
                    "isLinked": false
                },
                "padding_mobile": {
                    "unit": "em",
                    "top": "0",
                    "right": "0",
                    "bottom": "0",
                    "left": "0",
                    "isLinked": false
                }
            },
            "elements": [
                {
                    "id": "607877f",
                    "settings": {
                        "_column_size": 100,
                        "_inline_size": null,
                        "background_background": "classic",
                        "padding": {
                            "unit": "em",
                            "top": "",
                            "right": "",
                            "bottom": "",
                            "left": "",
                            "isLinked": true
                        },
                        "padding_tablet": {
                            "unit": "em",
                            "top": "",
                            "right": "",
                            "bottom": "",
                            "left": "",
                            "isLinked": true
                        },
                        "padding_mobile": {
                            "unit": "em",
                            "top": "",
                            "right": "",
                            "bottom": "",
                            "left": "",
                            "isLinked": true
                        },
                        "__globals__": {
                            "background_color": "globals\/colors?id=text"
                        }
                    },
                    "elements": [
                        {
                            "id": "3d04e2a",
                            "settings": {
                                "billing_details_section_title": "Billing Details",
                                "billing_details_form_fields": [
                                    {
                                        "field_key": "billing_first_name",
                                        "field_label": "First Name",
                                        "label": "First Name",
                                        "placeholder": "First Name",
                                        "_id": "a12c552"
                                    },
                                    {
                                        "field_key": "billing_last_name",
                                        "field_label": "Last Name",
                                        "label": "Last Name",
                                        "placeholder": "Last Name",
                                        "_id": "3814e9a"
                                    },
                                    {
                                        "field_key": "billing_company",
                                        "field_label": "Company Name",
                                        "label": "Company Name",
                                        "placeholder": "Company Name",
                                        "_id": "42bfe9b"
                                    },
                                    {
                                        "field_key": "billing_country",
                                        "field_label": "Country \/ Region",
                                        "label": "Country \/ Region",
                                        "placeholder": "Country \/ Region",
                                        "repeater_state": "locale",
                                        "_id": "6255b63"
                                    },
                                    {
                                        "field_key": "billing_address_1",
                                        "field_label": "Street Address",
                                        "label": "Street Address",
                                        "placeholder": "Street Address",
                                        "repeater_state": "locale",
                                        "_id": "b9d7513"
                                    },
                                    {
                                        "field_key": "billing_postcode",
                                        "field_label": "Post Code",
                                        "label": "Post Code",
                                        "placeholder": "Post Code",
                                        "repeater_state": "locale",
                                        "_id": "f7c70e5"
                                    },
                                    {
                                        "field_key": "billing_city",
                                        "field_label": "Town \/ City",
                                        "label": "Town \/ City",
                                        "placeholder": "Town \/ City",
                                        "repeater_state": "locale",
                                        "_id": "551e143"
                                    },
                                    {
                                        "field_key": "billing_state",
                                        "field_label": "State",
                                        "label": "State",
                                        "placeholder": "State",
                                        "repeater_state": "locale",
                                        "_id": "ea37e49"
                                    },
                                    {
                                        "field_key": "billing_phone",
                                        "field_label": "Phone",
                                        "label": "Phone",
                                        "placeholder": "Phone",
                                        "_id": "b642921"
                                    },
                                    {
                                        "field_key": "billing_email",
                                        "field_label": "Email Address",
                                        "label": "Email Address",
                                        "placeholder": "Email Address",
                                        "_id": "ff483d4"
                                    }
                                ],
                                "additional_information_form_fields": [
                                    {
                                        "field_key": "order_comments",
                                        "field_label": "Order Notes",
                                        "label": "Order Notes",
                                        "placeholder": "Notes about your order, e.g. special notes for delivery.",
                                        "_id": "c999ef0"
                                    }
                                ],
                                "order_summary_section_title": "Your Order",
                                "coupon_section_title_text": "Have a coupon?",
                                "coupon_section_title_link_text": "Click here to enter your coupon code",
                                "terms_conditions_message_text": "I have read and agree to the website",
                                "terms_conditions_link_text": "terms and conditions",
                                "sections_border_type": "none",
                                "sections_padding": {
                                    "unit": "em",
                                    "top": "1",
                                    "right": "1",
                                    "bottom": "1",
                                    "left": "1",
                                    "isLinked": true
                                },
                                "sections_margin": {
                                    "unit": "em",
                                    "top": "",
                                    "right": "",
                                    "bottom": "",
                                    "left": "",
                                    "isLinked": true
                                },
                                "sections_margin_tablet": {
                                    "unit": "em",
                                    "top": "",
                                    "right": "",
                                    "bottom": "",
                                    "left": "",
                                    "isLinked": true
                                },
                                "sections_margin_mobile": {
                                    "unit": "em",
                                    "top": "",
                                    "right": "",
                                    "bottom": "",
                                    "left": "",
                                    "isLinked": true
                                },
                                "forms_fields_border_radius": {
                                    "unit": "px",
                                    "top": "5",
                                    "right": "5",
                                    "bottom": "5",
                                    "left": "5",
                                    "isLinked": true
                                },
                                "forms_buttons_hover_background_background": "classic",
                                "forms_buttons_border_radius": {
                                    "unit": "px",
                                    "top": "5",
                                    "right": "5",
                                    "bottom": "5",
                                    "left": "5",
                                    "isLinked": true
                                },
                                "order_summary_items_divider_weight": {
                                    "unit": "px",
                                    "size": 1,
                                    "sizes": []
                                },
                                "order_summary_totals_divider_weight": {
                                    "unit": "px",
                                    "size": 2,
                                    "sizes": []
                                },
                                "purchase_button_normal_background_background": "classic",
                                "purchase_button_hover_background_background": "classic",
                                "__globals__": {
                                    "sections_titles_typography_typography": "globals\/typography?id=83682a1",
                                    "sections_secondary_titles_typography_typography": "globals\/typography?id=520c191",
                                    "sections_descriptions_typography_typography": "globals\/typography?id=69c152f",
                                    "sections_messages_typography_typography": "globals\/typography?id=69c152f",
                                    "sections_checkboxes_typography_typography": "globals\/typography?id=69c152f",
                                    "sections_radio_buttons_typography_typography": "globals\/typography?id=69c152f",
                                    "links_normal_color": "globals\/colors?id=primary",
                                    "links_hover_color": "globals\/colors?id=c3b4b98",
                                    "forms_label_typography_typography": "globals\/typography?id=520c191",
                                    "forms_label_color": "globals\/colors?id=primary",
                                    "forms_field_typography_typography": "globals\/typography?id=69c152f",
                                    "forms_button_typography_typography": "globals\/typography?id=69c152f",
                                    "forms_buttons_normal_text_color": "globals\/colors?id=primary",
                                    "forms_buttons_border_color": "globals\/colors?id=primary",
                                    "forms_buttons_hover_text_color": "globals\/colors?id=primary",
                                    "forms_buttons_hover_background_color": "globals\/colors?id=332724a",
                                    "forms_buttons_hover_border_color": "globals\/colors?id=332724a",
                                    "order_summary_items_typography_typography": "globals\/typography?id=69c152f",
                                    "order_summary_variations_typography_typography": "globals\/typography?id=69c152f",
                                    "order_summary_items_divider_color": "globals\/colors?id=4d462f5",
                                    "order_summary_totals_typography_typography": "globals\/typography?id=520c191",
                                    "order_summary_totals_color": "globals\/colors?id=secondary",
                                    "order_summary_totals_divider_color": "globals\/colors?id=4d462f5",
                                    "purchase_button_typography_typography": "globals\/typography?id=520c191",
                                    "purchase_button_normal_text_color": "globals\/colors?id=primary",
                                    "purchase_button_normal_background_color": "globals\/colors?id=d49ac81",
                                    "purchase_button_hover_text_color": "globals\/colors?id=primary",
                                    "purchase_button_hover_background_color": "globals\/colors?id=332724a",
                                    "customize_order_summary_background_color": ""
                                },
                                "coupon_button_alignment_tablet": "justify",
                                "sections_padding_tablet": {
                                    "unit": "em",
                                    "top": "",
                                    "right": "",
                                    "bottom": "",
                                    "left": "",
                                    "isLinked": true
                                },
                                "sections_padding_mobile": {
                                    "unit": "em",
                                    "top": "",
                                    "right": "",
                                    "bottom": "",
                                    "left": "",
                                    "isLinked": true
                                },
                                "sections_titles_typography_typography": "custom",
                                "sections_titles_typography_font_family": "Red Hat Display",
                                "sections_titles_typography_font_size": {
                                    "unit": "px",
                                    "size": 24.879999999999999005240169935859739780426025390625,
                                    "sizes": []
                                },
                                "sections_titles_typography_font_size_tablet": {
                                    "unit": "px",
                                    "size": 21.879999999999999005240169935859739780426025390625,
                                    "sizes": []
                                },
                                "sections_titles_typography_font_size_mobile": {
                                    "unit": "px",
                                    "size": 18.719999999999998863131622783839702606201171875,
                                    "sizes": []
                                },
                                "sections_titles_typography_font_weight": "700",
                                "sections_titles_typography_font_style": "normal",
                                "sections_titles_typography_line_height": {
                                    "unit": "em",
                                    "size": 1.3000000000000000444089209850062616169452667236328125,
                                    "sizes": []
                                },
                                "sections_titles_typography_word_spacing": {
                                    "unit": "em",
                                    "size": "",
                                    "sizes": []
                                },
                                "sections_secondary_titles_typography_typography": "custom",
                                "sections_secondary_titles_typography_font_family": "Inter",
                                "sections_secondary_titles_typography_font_size": {
                                    "unit": "px",
                                    "size": 15,
                                    "sizes": []
                                },
                                "sections_secondary_titles_typography_font_size_tablet": {
                                    "unit": "px",
                                    "size": 15,
                                    "sizes": []
                                },
                                "sections_secondary_titles_typography_font_size_mobile": {
                                    "unit": "px",
                                    "size": 14,
                                    "sizes": []
                                },
                                "sections_secondary_titles_typography_font_weight": "700",
                                "sections_secondary_titles_typography_line_height": {
                                    "unit": "em",
                                    "size": 1.5,
                                    "sizes": []
                                },
                                "sections_secondary_titles_typography_word_spacing": {
                                    "unit": "em",
                                    "size": "",
                                    "sizes": []
                                },
                                "sections_descriptions_typography_typography": "custom",
                                "sections_descriptions_typography_font_family": "Inter",
                                "sections_descriptions_typography_font_size": {
                                    "unit": "px",
                                    "size": 14,
                                    "sizes": []
                                },
                                "sections_descriptions_typography_font_size_tablet": {
                                    "unit": "px",
                                    "size": 13,
                                    "sizes": []
                                },
                                "sections_descriptions_typography_font_size_mobile": {
                                    "unit": "px",
                                    "size": 12,
                                    "sizes": []
                                },
                                "sections_descriptions_typography_font_weight": "400",
                                "sections_descriptions_typography_line_height": {
                                    "unit": "em",
                                    "size": 1.600000000000000088817841970012523233890533447265625,
                                    "sizes": []
                                },
                                "sections_descriptions_typography_word_spacing": {
                                    "unit": "em",
                                    "size": "",
                                    "sizes": []
                                },
                                "sections_messages_typography_typography": "custom",
                                "sections_messages_typography_font_family": "Inter",
                                "sections_messages_typography_font_size": {
                                    "unit": "px",
                                    "size": 14,
                                    "sizes": []
                                },
                                "sections_messages_typography_font_size_tablet": {
                                    "unit": "px",
                                    "size": 13,
                                    "sizes": []
                                },
                                "sections_messages_typography_font_size_mobile": {
                                    "unit": "px",
                                    "size": 12,
                                    "sizes": []
                                },
                                "sections_messages_typography_font_weight": "400",
                                "sections_messages_typography_line_height": {
                                    "unit": "em",
                                    "size": 1.600000000000000088817841970012523233890533447265625,
                                    "sizes": []
                                },
                                "sections_messages_typography_word_spacing": {
                                    "unit": "em",
                                    "size": "",
                                    "sizes": []
                                },
                                "sections_checkboxes_typography_typography": "custom",
                                "sections_checkboxes_typography_font_family": "Inter",
                                "sections_checkboxes_typography_font_size": {
                                    "unit": "px",
                                    "size": 14,
                                    "sizes": []
                                },
                                "sections_checkboxes_typography_font_size_tablet": {
                                    "unit": "px",
                                    "size": 13,
                                    "sizes": []
                                },
                                "sections_checkboxes_typography_font_size_mobile": {
                                    "unit": "px",
                                    "size": 12,
                                    "sizes": []
                                },
                                "sections_checkboxes_typography_font_weight": "400",
                                "sections_checkboxes_typography_line_height": {
                                    "unit": "em",
                                    "size": 1.600000000000000088817841970012523233890533447265625,
                                    "sizes": []
                                },
                                "sections_checkboxes_typography_word_spacing": {
                                    "unit": "em",
                                    "size": "",
                                    "sizes": []
                                },
                                "sections_radio_buttons_typography_typography": "custom",
                                "sections_radio_buttons_typography_font_family": "Inter",
                                "sections_radio_buttons_typography_font_size": {
                                    "unit": "px",
                                    "size": 14,
                                    "sizes": []
                                },
                                "sections_radio_buttons_typography_font_size_tablet": {
                                    "unit": "px",
                                    "size": 13,
                                    "sizes": []
                                },
                                "sections_radio_buttons_typography_font_size_mobile": {
                                    "unit": "px",
                                    "size": 12,
                                    "sizes": []
                                },
                                "sections_radio_buttons_typography_font_weight": "400",
                                "sections_radio_buttons_typography_line_height": {
                                    "unit": "em",
                                    "size": 1.600000000000000088817841970012523233890533447265625,
                                    "sizes": []
                                },
                                "sections_radio_buttons_typography_word_spacing": {
                                    "unit": "em",
                                    "size": "",
                                    "sizes": []
                                },
                                "links_normal_color": "#393C41",
                                "links_hover_color": "#0057FF",
                                "forms_label_color": "#393C41",
                                "forms_label_typography_typography": "custom",
                                "forms_label_typography_font_family": "Inter",
                                "forms_label_typography_font_size": {
                                    "unit": "px",
                                    "size": 15,
                                    "sizes": []
                                },
                                "forms_label_typography_font_size_tablet": {
                                    "unit": "px",
                                    "size": 15,
                                    "sizes": []
                                },
                                "forms_label_typography_font_size_mobile": {
                                    "unit": "px",
                                    "size": 14,
                                    "sizes": []
                                },
                                "forms_label_typography_font_weight": "700",
                                "forms_label_typography_line_height": {
                                    "unit": "em",
                                    "size": 1.5,
                                    "sizes": []
                                },
                                "forms_label_typography_word_spacing": {
                                    "unit": "em",
                                    "size": "",
                                    "sizes": []
                                },
                                "forms_field_typography_typography": "custom",
                                "forms_field_typography_font_family": "Inter",
                                "forms_field_typography_font_size": {
                                    "unit": "px",
                                    "size": 14,
                                    "sizes": []
                                },
                                "forms_field_typography_font_size_tablet": {
                                    "unit": "px",
                                    "size": 13,
                                    "sizes": []
                                },
                                "forms_field_typography_font_size_mobile": {
                                    "unit": "px",
                                    "size": 12,
                                    "sizes": []
                                },
                                "forms_field_typography_font_weight": "400",
                                "forms_field_typography_line_height": {
                                    "unit": "em",
                                    "size": 1.600000000000000088817841970012523233890533447265625,
                                    "sizes": []
                                },
                                "forms_field_typography_word_spacing": {
                                    "unit": "em",
                                    "size": "",
                                    "sizes": []
                                },
                                "forms_button_typography_typography": "custom",
                                "forms_button_typography_font_family": "Inter",
                                "forms_button_typography_font_size": {
                                    "unit": "px",
                                    "size": 14,
                                    "sizes": []
                                },
                                "forms_button_typography_font_size_tablet": {
                                    "unit": "px",
                                    "size": 13,
                                    "sizes": []
                                },
                                "forms_button_typography_font_size_mobile": {
                                    "unit": "px",
                                    "size": 12,
                                    "sizes": []
                                },
                                "forms_button_typography_font_weight": "400",
                                "forms_button_typography_line_height": {
                                    "unit": "em",
                                    "size": 1.600000000000000088817841970012523233890533447265625,
                                    "sizes": []
                                },
                                "forms_button_typography_word_spacing": {
                                    "unit": "em",
                                    "size": "",
                                    "sizes": []
                                },
                                "forms_buttons_normal_text_color": "#393C41",
                                "forms_buttons_hover_text_color": "#393C41",
                                "forms_buttons_hover_background_color": "#FFF200",
                                "forms_buttons_hover_border_color": "#FFF200",
                                "forms_buttons_border_color": "#393C41",
                                "order_summary_items_typography_typography": "custom",
                                "order_summary_items_typography_font_family": "Inter",
                                "order_summary_items_typography_font_size": {
                                    "unit": "px",
                                    "size": 14,
                                    "sizes": []
                                },
                                "order_summary_items_typography_font_size_tablet": {
                                    "unit": "px",
                                    "size": 13,
                                    "sizes": []
                                },
                                "order_summary_items_typography_font_size_mobile": {
                                    "unit": "px",
                                    "size": 12,
                                    "sizes": []
                                },
                                "order_summary_items_typography_font_weight": "400",
                                "order_summary_items_typography_line_height": {
                                    "unit": "em",
                                    "size": 1.600000000000000088817841970012523233890533447265625,
                                    "sizes": []
                                },
                                "order_summary_items_typography_word_spacing": {
                                    "unit": "em",
                                    "size": "",
                                    "sizes": []
                                },
                                "order_summary_variations_typography_typography": "custom",
                                "order_summary_variations_typography_font_family": "Inter",
                                "order_summary_variations_typography_font_size": {
                                    "unit": "px",
                                    "size": 14,
                                    "sizes": []
                                },
                                "order_summary_variations_typography_font_size_tablet": {
                                    "unit": "px",
                                    "size": 13,
                                    "sizes": []
                                },
                                "order_summary_variations_typography_font_size_mobile": {
                                    "unit": "px",
                                    "size": 12,
                                    "sizes": []
                                },
                                "order_summary_variations_typography_font_weight": "400",
                                "order_summary_variations_typography_line_height": {
                                    "unit": "em",
                                    "size": 1.600000000000000088817841970012523233890533447265625,
                                    "sizes": []
                                },
                                "order_summary_variations_typography_word_spacing": {
                                    "unit": "em",
                                    "size": "",
                                    "sizes": []
                                },
                                "order_summary_items_divider_color": "#DCDCDE",
                                "order_summary_totals_color": "#2B2B2B",
                                "order_summary_totals_typography_typography": "custom",
                                "order_summary_totals_typography_font_family": "Inter",
                                "order_summary_totals_typography_font_size": {
                                    "unit": "px",
                                    "size": 15,
                                    "sizes": []
                                },
                                "order_summary_totals_typography_font_size_tablet": {
                                    "unit": "px",
                                    "size": 15,
                                    "sizes": []
                                },
                                "order_summary_totals_typography_font_size_mobile": {
                                    "unit": "px",
                                    "size": 14,
                                    "sizes": []
                                },
                                "order_summary_totals_typography_font_weight": "700",
                                "order_summary_totals_typography_line_height": {
                                    "unit": "em",
                                    "size": 1.5,
                                    "sizes": []
                                },
                                "order_summary_totals_typography_word_spacing": {
                                    "unit": "em",
                                    "size": "",
                                    "sizes": []
                                },
                                "order_summary_totals_divider_color": "#DCDCDE",
                                "purchase_button_typography_typography": "custom",
                                "purchase_button_typography_font_family": "Inter",
                                "purchase_button_typography_font_size": {
                                    "unit": "px",
                                    "size": 15,
                                    "sizes": []
                                },
                                "purchase_button_typography_font_size_tablet": {
                                    "unit": "px",
                                    "size": 15,
                                    "sizes": []
                                },
                                "purchase_button_typography_font_size_mobile": {
                                    "unit": "px",
                                    "size": 14,
                                    "sizes": []
                                },
                                "purchase_button_typography_font_weight": "700",
                                "purchase_button_typography_line_height": {
                                    "unit": "em",
                                    "size": 1.5,
                                    "sizes": []
                                },
                                "purchase_button_typography_word_spacing": {
                                    "unit": "em",
                                    "size": "",
                                    "sizes": []
                                },
                                "purchase_button_normal_text_color": "#393C41",
                                "purchase_button_normal_background_color": "#FFCE00",
                                "purchase_button_hover_text_color": "#393C41",
                                "purchase_button_hover_background_color": "#FFF200",
                                "section_checkout_show_customize_elements": [],
                                "forms_rows_gap": {
                                    "unit": "px",
                                    "size": 21,
                                    "sizes": [],
                                    "px": 0
                                },
                                "forms_rows_gap_mobile": {
                                    "unit": "px",
                                    "size": 14,
                                    "sizes": []
                                }
                            },
                            "elements": [],
                            "isInner": false,
                            "widgetType": "woocommerce-checkout-page",
                            "elType": "widget"
                        }
                    ],
                    "isInner": false,
                    "elType": "column"
                }
            ],
            "isInner": false,
            "elType": "section"
        }
    ]
}