{
    "version": "0.4",
    "title": "Clicknbuy &#8211; Error 404",
    "type": "error-404",
    "metadata": {
        "template_type": "single-404",
        "include_in_zip": "1",
        "elementor_pro_required": "1",
        "elementor_library_type": "error-404",
        "elementor_pro_conditions": [
            "include\/singular\/not_found404"
        ],
        "additional_template_information": [
            "This is a \"Error 404\" template for Elementor Pro.",
            "This template will display on: 404 Page."
        ],
        "wp_page_template": "default"
    },
    "content": [
        {
            "id": "2f4dae5f",
            "settings": {
                "content_width": {
                    "unit": "px",
                    "size": 540,
                    "sizes": []
                },
                "padding": {
                    "unit": "em",
                    "top": "10",
                    "right": "0",
                    "bottom": "10",
                    "left": "0",
                    "isLinked": false
                },
                "padding_tablet": {
                    "unit": "em",
                    "top": "",
                    "right": "",
                    "bottom": "",
                    "left": "",
                    "isLinked": true
                },
                "padding_mobile": {
                    "unit": "em",
                    "top": "5",
                    "right": "0",
                    "bottom": "5",
                    "left": "0",
                    "isLinked": false
                }
            },
            "elements": [
                {
                    "id": "27945804",
                    "settings": {
                        "_column_size": 100,
                        "_inline_size": null,
                        "align_mobile": "center",
                        "padding_mobile": {
                            "unit": "em",
                            "top": "2",
                            "right": "2",
                            "bottom": "2",
                            "left": "2",
                            "isLinked": true
                        }
                    },
                    "elements": [
                        {
                            "id": "6a914a10",
                            "settings": {
                                "image": {
                                    "url": "https:\/\/fullkit.moxcreative.com\/clicknbuy\/wp-content\/uploads\/sites\/16\/2022\/09\/Error-404.png",
                                    "id": 184,
                                    "alt": "",
                                    "source": "library"
                                },
                                "image_size": "full",
                                "width": {
                                    "unit": "px",
                                    "size": 325,
                                    "sizes": []
                                },
                                "width_tablet": {
                                    "unit": "px",
                                    "size": "",
                                    "sizes": []
                                },
                                "_element_width_mobile": "initial",
                                "_element_custom_width_mobile": {
                                    "unit": "px",
                                    "size": 150,
                                    "sizes": []
                                },
                                "_animation": "fadeInUp"
                            },
                            "elements": [],
                            "isInner": false,
                            "widgetType": "image",
                            "elType": "widget"
                        },
                        {
                            "id": "76250b91",
                            "settings": {
                                "title": "The page you are looking for does not exist, it may have been moved, or removed altogether. ",
                                "header_size": "h5",
                                "align": "center",
                                "_animation": "fadeInDown"
                            },
                            "elements": [],
                            "isInner": false,
                            "widgetType": "heading",
                            "elType": "widget"
                        },
                        {
                            "id": "5f6d2a48",
                            "settings": {
                                "text": "Back Home",
                                "align": "center",
                                "size": "md",
                                "_animation": "fadeInUp",
                                "__dynamic__": {
                                    "link": "[elementor-tag id=\"3028089\" name=\"site-url\" settings=\"%7B%7D\"]"
                                }
                            },
                            "elements": [],
                            "isInner": false,
                            "widgetType": "button",
                            "elType": "widget"
                        }
                    ],
                    "isInner": false,
                    "elType": "column"
                }
            ],
            "isInner": false,
            "elType": "section"
        }
    ]
}