{
    "version": "0.4",
    "title": "clicknbuy &#8211; Menu slide",
    "type": "popup",
    "metadata": {
        "template_type": "section-popup",
        "include_in_zip": "1",
        "elementor_pro_required": "1",
        "elementor_library_type": "popup",
        "additional_template_information": [
            "This is a \"Popup\" template for Elementor Pro."
        ],
        "wp_page_template": "default"
    },
    "content": [
        {
            "id": "7d856fbb",
            "settings": {
                "height": "full",
                "column_position": "top",
                "padding": {
                    "unit": "em",
                    "top": "3",
                    "right": "2",
                    "bottom": "3",
                    "left": "2",
                    "isLinked": false
                },
                "padding_tablet": {
                    "unit": "em",
                    "top": "",
                    "right": "",
                    "bottom": "",
                    "left": "",
                    "isLinked": true
                },
                "padding_mobile": {
                    "unit": "em",
                    "top": "",
                    "right": "",
                    "bottom": "",
                    "left": "",
                    "isLinked": true
                }
            },
            "elements": [
                {
                    "id": "a58ef5a",
                    "settings": {
                        "_column_size": 100,
                        "_inline_size": null
                    },
                    "elements": [
                        {
                            "id": "5d4f28a8",
                            "settings": {
                                "image": {
                                    "url": "https:\/\/fullkit.moxcreative.com\/clicknbuy\/wp-content\/uploads\/sites\/16\/2022\/09\/logo_clicknbuy.png",
                                    "id": 55,
                                    "alt": "",
                                    "source": "library"
                                },
                                "image_size": "custom",
                                "image_custom_dimension": {
                                    "width": "",
                                    "height": "49"
                                },
                                "align": "left"
                            },
                            "elements": [],
                            "isInner": false,
                            "widgetType": "image",
                            "elType": "widget"
                        },
                        {
                            "id": "4a7e2738",
                            "settings": {
                                "layout": "dropdown",
                                "align_items": "left",
                                "pointer": "none",
                                "submenu_icon": {
                                    "value": "fas fa-angle-down",
                                    "library": "fa-solid"
                                },
                                "dropdown": "none",
                                "full_width": "stretch",
                                "background_color_dropdown_item": "#02010100",
                                "background_color_dropdown_item_hover": "#02010100",
                                "padding_horizontal_dropdown_item": {
                                    "unit": "px",
                                    "size": 0,
                                    "sizes": []
                                },
                                "padding_vertical_dropdown_item": {
                                    "unit": "px",
                                    "size": 14,
                                    "sizes": []
                                },
                                "dropdown_divider_border": "solid",
                                "dropdown_divider_width": {
                                    "unit": "px",
                                    "size": 1,
                                    "sizes": []
                                },
                                "__globals__": {
                                    "color_dropdown_item": "globals\/colors?id=text",
                                    "color_dropdown_item_hover": "globals\/colors?id=332724a",
                                    "dropdown_typography_typography": "globals\/typography?id=520c191",
                                    "dropdown_divider_color": "globals\/colors?id=accent"
                                },
                                "background_color_dropdown_item_active": "#02010100",
                                "_background_hover_background": "classic",
                                "_background_hover_color": "#02010100"
                            },
                            "elements": [],
                            "isInner": false,
                            "widgetType": "nav-menu",
                            "elType": "widget"
                        },
                        {
                            "id": "3aac7fed",
                            "settings": {
                                "space": {
                                    "unit": "em",
                                    "size": 3,
                                    "sizes": []
                                },
                                "space_tablet": {
                                    "unit": "em",
                                    "size": "",
                                    "sizes": []
                                },
                                "space_mobile": {
                                    "unit": "em",
                                    "size": "",
                                    "sizes": []
                                },
                                "_border_width": {
                                    "unit": "px",
                                    "top": "0",
                                    "right": "0",
                                    "bottom": "1",
                                    "left": "0",
                                    "isLinked": false
                                },
                                "__globals__": {
                                    "_border_color": "globals\/colors?id=accent"
                                }
                            },
                            "elements": [],
                            "isInner": false,
                            "widgetType": "spacer",
                            "elType": "widget"
                        },
                        {
                            "id": "518fafb3",
                            "settings": {
                                "selected_icon": {
                                    "value": "icofont icofont-headphone-alt",
                                    "library": "skb_cife-icofont-icon"
                                },
                                "title_text": "Need Help?",
                                "description_text": "888-2002-234",
                                "position": "left",
                                "title_size": "div",
                                "content_vertical_alignment": "middle",
                                "__globals__": {
                                    "primary_color": "globals\/colors?id=332724a",
                                    "title_typography_typography": "globals\/typography?id=69c152f",
                                    "title_color": "globals\/colors?id=text",
                                    "description_typography_typography": "globals\/typography?id=7044a64",
                                    "description_color": "globals\/colors?id=text"
                                },
                                "link": {
                                    "url": "#",
                                    "is_external": "",
                                    "nofollow": "",
                                    "custom_attributes": ""
                                }
                            },
                            "elements": [],
                            "isInner": false,
                            "widgetType": "icon-box",
                            "elType": "widget"
                        },
                        {
                            "id": "50840bee",
                            "settings": {
                                "text": "Divider",
                                "gap": {
                                    "unit": "px",
                                    "size": 7,
                                    "sizes": []
                                },
                                "__globals__": {
                                    "color": "globals\/colors?id=accent"
                                }
                            },
                            "elements": [],
                            "isInner": false,
                            "widgetType": "divider",
                            "elType": "widget"
                        },
                        {
                            "id": "6f7ceecd",
                            "settings": {
                                "social_icon_list": [
                                    {
                                        "social_icon": {
                                            "value": "fab fa-facebook-f",
                                            "library": "fa-brands"
                                        },
                                        "_id": "a9dbd34"
                                    },
                                    {
                                        "social_icon": {
                                            "value": "fab fa-instagram",
                                            "library": "fa-brands"
                                        },
                                        "_id": "1c529b0"
                                    },
                                    {
                                        "social_icon": {
                                            "value": "fab fa-twitter",
                                            "library": "fa-brands"
                                        },
                                        "_id": "bb4afc4"
                                    },
                                    {
                                        "social_icon": {
                                            "value": "fab fa-youtube",
                                            "library": "fa-brands"
                                        },
                                        "_id": "64b95ce"
                                    }
                                ],
                                "align": "",
                                "icon_color": "custom",
                                "icon_size": {
                                    "unit": "px",
                                    "size": 16,
                                    "sizes": []
                                },
                                "icon_spacing": {
                                    "unit": "px",
                                    "size": 7,
                                    "sizes": []
                                },
                                "border_radius": {
                                    "unit": "px",
                                    "top": "3",
                                    "right": "3",
                                    "bottom": "3",
                                    "left": "3",
                                    "isLinked": true
                                },
                                "hover_animation": "float",
                                "__globals__": {
                                    "icon_primary_color": "globals\/colors?id=accent",
                                    "icon_secondary_color": "globals\/colors?id=text",
                                    "hover_primary_color": "globals\/colors?id=332724a",
                                    "hover_secondary_color": "globals\/colors?id=secondary"
                                }
                            },
                            "elements": [],
                            "isInner": false,
                            "widgetType": "social-icons",
                            "elType": "widget"
                        }
                    ],
                    "isInner": false,
                    "elType": "column"
                }
            ],
            "isInner": false,
            "elType": "section"
        }
    ],
    "page_settings": {
        "width": {
            "unit": "px",
            "size": 340,
            "sizes": []
        },
        "horizontal_position": "left",
        "vertical_position": "top",
        "entrance_animation": "fadeInLeft",
        "exit_animation": "fadeInLeft",
        "entrance_animation_duration": {
            "unit": "px",
            "size": 0.8000000000000000444089209850062616169452667236328125,
            "sizes": []
        },
        "background_background": "classic",
        "close_button_vertical": {
            "unit": "px",
            "size": 21,
            "sizes": []
        },
        "close_button_horizontal": {
            "unit": "px",
            "size": 21,
            "sizes": []
        },
        "icon_size": {
            "unit": "px",
            "size": 28,
            "sizes": []
        },
        "close_button_vertical_tablet": {
            "unit": "px",
            "size": "",
            "sizes": []
        },
        "close_button_vertical_mobile": {
            "unit": "px",
            "size": "",
            "sizes": []
        },
        "close_button_horizontal_tablet": {
            "unit": "px",
            "size": "",
            "sizes": []
        },
        "close_button_horizontal_mobile": {
            "unit": "px",
            "size": "",
            "sizes": []
        },
        "__globals__": {
            "background_color": "globals\/colors?id=639e8dd",
            "close_button_color": "globals\/colors?id=text",
            "close_button_hover_color": "globals\/colors?id=332724a"
        }
    }
}