{
    "version": "0.4",
    "title": "Clicknbuy &#8211; Single product",
    "type": "product",
    "metadata": {
        "template_type": "single-product",
        "include_in_zip": "1",
        "elementor_pro_required": "1",
        "elementor_library_type": "product",
        "elementor_pro_conditions": [
            "include\/product"
        ],
        "additional_template_information": [
            "This is a \"Product\" template for Elementor Pro.",
            "This template will display on: Products."
        ],
        "wp_page_template": "default"
    },
    "content": [
        {
            "id": "23531b7c",
            "settings": {
                "border_border": "solid",
                "border_width": {
                    "unit": "px",
                    "top": "0",
                    "right": "0",
                    "bottom": "1",
                    "left": "0",
                    "isLinked": false
                },
                "__globals__": {
                    "border_color": "globals\/colors?id=4d462f5"
                }
            },
            "elements": [
                {
                    "id": "3a9524e5",
                    "settings": {
                        "_column_size": 100,
                        "_inline_size": null
                    },
                    "elements": [
                        {
                            "id": "28494e37",
                            "settings": {
                                "view": "inline",
                                "icon_list": [
                                    {
                                        "text": "Home",
                                        "selected_icon": {
                                            "value": "",
                                            "library": ""
                                        },
                                        "_id": "490e033"
                                    },
                                    {
                                        "text": "List Item #2",
                                        "selected_icon": {
                                            "value": "fas fa-chevron-right",
                                            "library": "fa-solid"
                                        },
                                        "_id": "d9bf189",
                                        "__dynamic__": {
                                            "text": "[elementor-tag id=\"e8869e2\" name=\"woocommerce-product-terms-tag\" settings=\"%7B%22separator%22%3A%22%2C%20%22%2C%22before%22%3A%22%22%7D\"]"
                                        }
                                    },
                                    {
                                        "text": "List Item #2",
                                        "selected_icon": {
                                            "value": "fas fa-chevron-right",
                                            "library": "fa-solid"
                                        },
                                        "__dynamic__": {
                                            "text": "[elementor-tag id=\"f90fac9\" name=\"woocommerce-product-title-tag\" settings=\"%7B%7D\"]"
                                        },
                                        "_id": "3c6a33c"
                                    }
                                ],
                                "__globals__": {
                                    "icon_typography_typography": "globals\/typography?id=69c152f",
                                    "icon_color": "globals\/colors?id=d49ac81"
                                }
                            },
                            "elements": [],
                            "isInner": false,
                            "widgetType": "icon-list",
                            "elType": "widget"
                        }
                    ],
                    "isInner": false,
                    "elType": "column"
                }
            ],
            "isInner": false,
            "elType": "section"
        },
        {
            "id": "338687ac",
            "settings": {
                "structure": "20",
                "padding": {
                    "unit": "em",
                    "top": "2",
                    "right": "0",
                    "bottom": "0",
                    "left": "0",
                    "isLinked": false
                },
                "padding_tablet": {
                    "unit": "em",
                    "top": "",
                    "right": "",
                    "bottom": "",
                    "left": "",
                    "isLinked": true
                },
                "padding_mobile": {
                    "unit": "em",
                    "top": "1",
                    "right": "0",
                    "bottom": "0",
                    "left": "0",
                    "isLinked": false
                }
            },
            "elements": [
                {
                    "id": "5ac947df",
                    "settings": {
                        "_column_size": 50,
                        "_inline_size": 40,
                        "_inline_size_tablet": 50
                    },
                    "elements": [
                        {
                            "id": "5958bc31",
                            "settings": {
                                "sale_flash": "",
                                "image_border_border": "solid",
                                "image_border_width": {
                                    "unit": "px",
                                    "top": "1",
                                    "right": "1",
                                    "bottom": "1",
                                    "left": "1",
                                    "isLinked": true
                                },
                                "image_border_radius": {
                                    "unit": "px",
                                    "top": "10",
                                    "right": "10",
                                    "bottom": "10",
                                    "left": "10",
                                    "isLinked": true
                                },
                                "spacing": {
                                    "unit": "px",
                                    "size": 10,
                                    "sizes": []
                                },
                                "thumbs_border_border": "solid",
                                "thumbs_border_width": {
                                    "unit": "px",
                                    "top": "1",
                                    "right": "1",
                                    "bottom": "1",
                                    "left": "1",
                                    "isLinked": true
                                },
                                "thumbs_border_radius": {
                                    "unit": "px",
                                    "top": "10",
                                    "right": "10",
                                    "bottom": "10",
                                    "left": "10",
                                    "isLinked": true
                                },
                                "spacing_thumbs": {
                                    "unit": "px",
                                    "size": 10,
                                    "sizes": []
                                },
                                "__globals__": {
                                    "image_border_color": "globals\/colors?id=4d462f5",
                                    "thumbs_border_color": "globals\/colors?id=4d462f5"
                                }
                            },
                            "elements": [],
                            "isInner": false,
                            "widgetType": "woocommerce-product-images",
                            "elType": "widget"
                        },
                        {
                            "id": "5a50c4b7",
                            "settings": {
                                "title": "Add Your Heading Text Here",
                                "header_size": "div",
                                "_padding": {
                                    "unit": "px",
                                    "top": "3",
                                    "right": "21",
                                    "bottom": "3",
                                    "left": "21",
                                    "isLinked": false
                                },
                                "_element_width": "auto",
                                "_element_vertical_align": "center",
                                "_position": "absolute",
                                "_offset_x": {
                                    "unit": "px",
                                    "size": 24,
                                    "sizes": []
                                },
                                "_offset_y": {
                                    "unit": "px",
                                    "size": 24,
                                    "sizes": []
                                },
                                "_background_background": "gradient",
                                "_background_gradient_angle": {
                                    "unit": "deg",
                                    "size": 135,
                                    "sizes": []
                                },
                                "_border_radius": {
                                    "unit": "px",
                                    "top": "30",
                                    "right": "30",
                                    "bottom": "30",
                                    "left": "30",
                                    "isLinked": true
                                },
                                "__dynamic__": {
                                    "title": "[elementor-tag id=\"cd2d4ff\" name=\"woocommerce-product-sale-tag\" settings=\"%7B%22text%22%3A%22Sale!%22%7D\"]"
                                },
                                "__globals__": {
                                    "_background_color": "globals\/colors?id=d49ac81",
                                    "_background_color_b": "globals\/colors?id=332724a",
                                    "title_color": "globals\/colors?id=primary",
                                    "typography_typography": "globals\/typography?id=520c191"
                                }
                            },
                            "elements": [],
                            "isInner": false,
                            "widgetType": "heading",
                            "elType": "widget"
                        }
                    ],
                    "isInner": false,
                    "elType": "column"
                },
                {
                    "id": "4e515bf1",
                    "settings": {
                        "_column_size": 50,
                        "_inline_size": 60,
                        "padding": {
                            "unit": "em",
                            "top": "2",
                            "right": "2",
                            "bottom": "2",
                            "left": "3",
                            "isLinked": false
                        },
                        "padding_tablet": {
                            "unit": "em",
                            "top": "2",
                            "right": "2",
                            "bottom": "2",
                            "left": "2",
                            "isLinked": true
                        },
                        "padding_mobile": {
                            "unit": "em",
                            "top": "1",
                            "right": "1",
                            "bottom": "1",
                            "left": "1",
                            "isLinked": true
                        },
                        "_inline_size_tablet": 50
                    },
                    "elements": [
                        {
                            "id": "24fb46e5",
                            "settings": {
                                "__dynamic__": {
                                    "title": "[elementor-tag id=\"\" name=\"woocommerce-product-title-tag\" settings=\"%7B%22product_id%22%3Afalse%2C%22before%22%3A%22%22%2C%22after%22%3A%22%22%2C%22fallback%22%3A%22%22%7D\"]"
                                },
                                "title": "Add Your Heading Text Here",
                                "header_size": "h3"
                            },
                            "elements": [],
                            "isInner": false,
                            "widgetType": "woocommerce-product-title",
                            "elType": "widget"
                        },
                        {
                            "id": "49ae2e70",
                            "settings": {
                                "star_style": "star_unicode",
                                "align": "left",
                                "icon_size": {
                                    "unit": "px",
                                    "size": 21,
                                    "sizes": []
                                },
                                "_element_width": "initial",
                                "_element_custom_width": {
                                    "unit": "%",
                                    "size": 83,
                                    "sizes": []
                                },
                                "__dynamic__": {
                                    "rating": "[elementor-tag id=\"4e6c76a\" name=\"post-id\" settings=\"%7B%7D\"]",
                                    "title": "[elementor-tag id=\"c3b8320\" name=\"woocommerce-product-rating-tag\" settings=\"%7B%22field%22%3A%22review_count%22%2C%22after%22%3A%22%20review%22%7D\"]"
                                },
                                "__globals__": {
                                    "stars_color": "globals\/colors?id=d49ac81",
                                    "stars_unmarked_color": "globals\/colors?id=4d462f5",
                                    "title_typography_typography": "globals\/typography?id=69c152f"
                                },
                                "_element_custom_width_tablet": {
                                    "unit": "%",
                                    "size": 63,
                                    "sizes": []
                                },
                                "_element_custom_width_mobile": {
                                    "unit": "%",
                                    "size": "",
                                    "sizes": []
                                },
                                "_element_vertical_align_tablet": "center"
                            },
                            "elements": [],
                            "isInner": false,
                            "widgetType": "star-rating",
                            "elType": "widget"
                        },
                        {
                            "id": "10dab857",
                            "settings": {
                                "share_buttons": [
                                    {
                                        "_id": "44bc6fe"
                                    },
                                    {
                                        "button": "twitter",
                                        "_id": "474fa95"
                                    },
                                    {
                                        "button": "linkedin",
                                        "_id": "2349664"
                                    },
                                    {
                                        "button": "email",
                                        "_id": "0802f0d"
                                    }
                                ],
                                "view": "icon",
                                "skin": "flat",
                                "shape": "rounded",
                                "alignment": "right",
                                "alignment_tablet": "left",
                                "column_gap": {
                                    "unit": "px",
                                    "size": 7,
                                    "sizes": []
                                },
                                "row_gap": {
                                    "unit": "px",
                                    "size": 7,
                                    "sizes": []
                                },
                                "button_size": {
                                    "unit": "px",
                                    "size": 0.5,
                                    "sizes": []
                                },
                                "icon_size": {
                                    "unit": "em",
                                    "size": 2.5,
                                    "sizes": []
                                },
                                "color_source": "custom",
                                "_element_width": "auto",
                                "_element_custom_width": {
                                    "unit": "%",
                                    "size": 30,
                                    "sizes": []
                                },
                                "_element_custom_width_tablet": {
                                    "unit": "%",
                                    "size": 100,
                                    "sizes": []
                                },
                                "_element_custom_width_mobile": {
                                    "unit": "%",
                                    "size": "",
                                    "sizes": []
                                },
                                "_element_vertical_align": "center",
                                "__globals__": {
                                    "primary_color": "globals\/colors?id=d49ac81",
                                    "secondary_color": "globals\/colors?id=secondary",
                                    "primary_color_hover": "globals\/colors?id=332724a",
                                    "secondary_color_hover": "globals\/colors?id=primary"
                                }
                            },
                            "elements": [],
                            "isInner": false,
                            "widgetType": "share-buttons",
                            "elType": "widget"
                        },
                        {
                            "id": "64745a58",
                            "settings": {
                                "text": "Divider",
                                "gap": {
                                    "unit": "px",
                                    "size": 14,
                                    "sizes": []
                                },
                                "__globals__": {
                                    "color": "globals\/colors?id=4d462f5"
                                },
                                "gap_tablet": {
                                    "unit": "px",
                                    "size": 12,
                                    "sizes": []
                                }
                            },
                            "elements": [],
                            "isInner": false,
                            "widgetType": "divider",
                            "elType": "widget"
                        },
                        {
                            "id": "239488f5",
                            "settings": {
                                "typography_typography": "custom",
                                "typography_font_family": "Red Hat Display",
                                "typography_font_size": {
                                    "unit": "px",
                                    "size": 24.879999999999999005240169935859739780426025390625,
                                    "sizes": []
                                },
                                "typography_font_size_tablet": {
                                    "unit": "px",
                                    "size": 21.879999999999999005240169935859739780426025390625,
                                    "sizes": []
                                },
                                "typography_font_size_mobile": {
                                    "unit": "px",
                                    "size": 18.719999999999998863131622783839702606201171875,
                                    "sizes": []
                                },
                                "typography_font_weight": "700",
                                "typography_font_style": "normal",
                                "typography_line_height": {
                                    "unit": "em",
                                    "size": 1.3000000000000000444089209850062616169452667236328125,
                                    "sizes": []
                                },
                                "typography_word_spacing": {
                                    "unit": "em",
                                    "size": "",
                                    "sizes": []
                                },
                                "sale_price_typography_font_family": "Red Hat Display",
                                "sale_price_typography_font_size": {
                                    "unit": "px",
                                    "size": 24.879999999999999005240169935859739780426025390625,
                                    "sizes": []
                                },
                                "sale_price_typography_font_size_tablet": {
                                    "unit": "px",
                                    "size": 21.879999999999999005240169935859739780426025390625,
                                    "sizes": []
                                },
                                "sale_price_typography_font_size_mobile": {
                                    "unit": "px",
                                    "size": 18.719999999999998863131622783839702606201171875,
                                    "sizes": []
                                },
                                "sale_price_typography_font_weight": "700",
                                "sale_price_typography_font_style": "normal",
                                "sale_price_typography_line_height": {
                                    "unit": "em",
                                    "size": 1.3000000000000000444089209850062616169452667236328125,
                                    "sizes": []
                                },
                                "sale_price_typography_word_spacing": {
                                    "unit": "em",
                                    "size": "",
                                    "sizes": []
                                },
                                "__globals__": {
                                    "sale_price_typography_typography": "",
                                    "typography_typography": "globals\/typography?id=83682a1",
                                    "price_color": "globals\/colors?id=secondary"
                                }
                            },
                            "elements": [],
                            "isInner": false,
                            "widgetType": "woocommerce-product-price",
                            "elType": "widget"
                        },
                        {
                            "id": "52dee508",
                            "settings": [],
                            "elements": [],
                            "isInner": false,
                            "widgetType": "woocommerce-product-short-description",
                            "elType": "widget"
                        },
                        {
                            "id": "34263e3b",
                            "settings": {
                                "__globals__": {
                                    "button_typography_typography": "globals\/typography?id=520c191",
                                    "button_text_color": "globals\/colors?id=secondary",
                                    "button_bg_color": "globals\/colors?id=d49ac81",
                                    "button_text_color_hover": "globals\/colors?id=secondary",
                                    "button_bg_color_hover": "globals\/colors?id=332724a",
                                    "quantity_typography_typography": "globals\/typography?id=520c191"
                                }
                            },
                            "elements": [],
                            "isInner": false,
                            "widgetType": "woocommerce-product-add-to-cart",
                            "elType": "widget"
                        },
                        {
                            "id": "b4e033d",
                            "settings": {
                                "text": "Divider",
                                "gap": {
                                    "unit": "px",
                                    "size": 14,
                                    "sizes": []
                                },
                                "__globals__": {
                                    "color": "globals\/colors?id=4d462f5"
                                },
                                "gap_tablet": {
                                    "unit": "px",
                                    "size": 10,
                                    "sizes": []
                                }
                            },
                            "elements": [],
                            "isInner": false,
                            "widgetType": "divider",
                            "elType": "widget"
                        },
                        {
                            "id": "6ac1bd75",
                            "settings": {
                                "view": "table",
                                "space_between": {
                                    "unit": "px",
                                    "size": 7,
                                    "sizes": []
                                },
                                "__globals__": {
                                    "text_typography_typography": "globals\/typography?id=69c152f"
                                }
                            },
                            "elements": [],
                            "isInner": false,
                            "widgetType": "woocommerce-product-meta",
                            "elType": "widget"
                        },
                        {
                            "id": "9423de6",
                            "settings": {
                                "image": {
                                    "url": "https:\/\/fullkit.moxcreative.com\/clicknbuy\/wp-content\/uploads\/sites\/16\/2022\/09\/Payment-Icon-1.png",
                                    "id": 694,
                                    "alt": "",
                                    "source": "library"
                                },
                                "image_size": "custom",
                                "image_custom_dimension": {
                                    "width": "",
                                    "height": "56"
                                },
                                "align": "left"
                            },
                            "elements": [],
                            "isInner": false,
                            "widgetType": "image",
                            "elType": "widget"
                        }
                    ],
                    "isInner": false,
                    "elType": "column"
                }
            ],
            "isInner": false,
            "elType": "section"
        },
        {
            "id": "32dd255c",
            "settings": {
                "margin": {
                    "unit": "px",
                    "top": "53",
                    "right": 0,
                    "bottom": "0",
                    "left": 0,
                    "isLinked": false
                },
                "padding": {
                    "unit": "em",
                    "top": "0",
                    "right": "0",
                    "bottom": "5",
                    "left": "0",
                    "isLinked": false
                },
                "padding_tablet": {
                    "unit": "em",
                    "top": "0",
                    "right": "1",
                    "bottom": "3",
                    "left": "1",
                    "isLinked": false
                },
                "padding_mobile": {
                    "unit": "em",
                    "top": "0",
                    "right": "0",
                    "bottom": "2",
                    "left": "0",
                    "isLinked": false
                }
            },
            "elements": [
                {
                    "id": "6eb03535",
                    "settings": {
                        "_column_size": 100,
                        "_inline_size": null,
                        "border_border": "solid",
                        "border_width": {
                            "unit": "px",
                            "top": "1",
                            "right": "1",
                            "bottom": "1",
                            "left": "1",
                            "isLinked": true
                        },
                        "border_radius": {
                            "unit": "px",
                            "top": "10",
                            "right": "10",
                            "bottom": "10",
                            "left": "10",
                            "isLinked": true
                        },
                        "padding_mobile": {
                            "unit": "px",
                            "top": "0",
                            "right": "0",
                            "bottom": "0",
                            "left": "0",
                            "isLinked": false
                        },
                        "__globals__": {
                            "border_color": "globals\/colors?id=4d462f5"
                        }
                    },
                    "elements": [
                        {
                            "id": "1e849384",
                            "settings": {
                                "_margin": {
                                    "unit": "px",
                                    "top": "-57",
                                    "right": "0",
                                    "bottom": "0",
                                    "left": "0",
                                    "isLinked": false
                                },
                                "_margin_tablet": {
                                    "unit": "px",
                                    "top": "-54",
                                    "right": "0",
                                    "bottom": "0",
                                    "left": "0",
                                    "isLinked": false
                                },
                                "__globals__": {
                                    "tab_typography_typography": "globals\/typography?id=69c152f",
                                    "tab_bg_color": "globals\/colors?id=cfa1f76",
                                    "active_tab_bg_color": "globals\/colors?id=text",
                                    "content_heading_typography_typography": "globals\/typography?id=83682a1"
                                }
                            },
                            "elements": [],
                            "isInner": false,
                            "widgetType": "woocommerce-product-data-tabs",
                            "elType": "widget"
                        }
                    ],
                    "isInner": false,
                    "elType": "column"
                }
            ],
            "isInner": false,
            "elType": "section"
        },
        {
            "id": "15ea4d5",
            "settings": {
                "padding": {
                    "unit": "em",
                    "top": "0",
                    "right": "0",
                    "bottom": "5",
                    "left": "0",
                    "isLinked": false
                },
                "padding_tablet": {
                    "unit": "em",
                    "top": "0",
                    "right": "0",
                    "bottom": "3",
                    "left": "0",
                    "isLinked": false
                },
                "padding_mobile": {
                    "unit": "em",
                    "top": "0",
                    "right": "0",
                    "bottom": "2",
                    "left": "0",
                    "isLinked": false
                }
            },
            "elements": [
                {
                    "id": "10d356c8",
                    "settings": {
                        "_column_size": 100,
                        "_inline_size": null
                    },
                    "elements": [
                        {
                            "id": "75710789",
                            "settings": {
                                "column_gap_mobile": {
                                    "unit": "px",
                                    "size": 7,
                                    "sizes": []
                                },
                                "row_gap_mobile": {
                                    "unit": "px",
                                    "size": 14,
                                    "sizes": []
                                },
                                "image_border_radius": {
                                    "unit": "px",
                                    "top": "10",
                                    "right": "10",
                                    "bottom": "10",
                                    "left": "10",
                                    "isLinked": true
                                },
                                "image_spacing": {
                                    "unit": "px",
                                    "size": 7,
                                    "sizes": []
                                },
                                "title_color": "#1846BE",
                                "title_typography_typography": "custom",
                                "title_typography_font_family": "Inter",
                                "title_typography_font_size": {
                                    "unit": "px",
                                    "size": 15,
                                    "sizes": []
                                },
                                "title_typography_font_size_tablet": {
                                    "unit": "px",
                                    "size": 15,
                                    "sizes": []
                                },
                                "title_typography_font_size_mobile": {
                                    "unit": "px",
                                    "size": 14,
                                    "sizes": []
                                },
                                "title_typography_font_weight": "700",
                                "title_typography_line_height": {
                                    "unit": "em",
                                    "size": 1.5,
                                    "sizes": []
                                },
                                "title_typography_word_spacing": {
                                    "unit": "em",
                                    "size": "",
                                    "sizes": []
                                },
                                "star_color": "#FFCE00",
                                "empty_star_color": "#DCDCDE",
                                "price_color": "#393C41",
                                "price_typography_typography": "custom",
                                "price_typography_font_family": "Inter",
                                "price_typography_font_size": {
                                    "unit": "px",
                                    "size": 16,
                                    "sizes": []
                                },
                                "price_typography_font_size_tablet": {
                                    "unit": "px",
                                    "size": 15,
                                    "sizes": []
                                },
                                "price_typography_font_size_mobile": {
                                    "unit": "px",
                                    "size": 14,
                                    "sizes": []
                                },
                                "price_typography_font_weight": "400",
                                "price_typography_text_transform": "none",
                                "price_typography_font_style": "normal",
                                "price_typography_line_height": {
                                    "unit": "em",
                                    "size": 1.5,
                                    "sizes": []
                                },
                                "price_typography_word_spacing": {
                                    "unit": "em",
                                    "size": "",
                                    "sizes": []
                                },
                                "button_text_color": "#393C41",
                                "button_background_color": "#FFCE00",
                                "button_typography_typography": "custom",
                                "button_typography_font_family": "Inter",
                                "button_typography_font_size": {
                                    "unit": "px",
                                    "size": 14,
                                    "sizes": []
                                },
                                "button_typography_font_size_tablet": {
                                    "unit": "px",
                                    "size": 13,
                                    "sizes": []
                                },
                                "button_typography_font_size_mobile": {
                                    "unit": "px",
                                    "size": 12,
                                    "sizes": []
                                },
                                "button_typography_font_weight": "400",
                                "button_typography_line_height": {
                                    "unit": "em",
                                    "size": 1.600000000000000088817841970012523233890533447265625,
                                    "sizes": []
                                },
                                "button_typography_word_spacing": {
                                    "unit": "em",
                                    "size": "",
                                    "sizes": []
                                },
                                "button_hover_color": "#393C41",
                                "button_hover_background_color": "#FFF200",
                                "button_border_radius": {
                                    "unit": "px",
                                    "top": "5",
                                    "right": "5",
                                    "bottom": "5",
                                    "left": "5",
                                    "isLinked": true
                                },
                                "button_spacing": {
                                    "unit": "px",
                                    "size": 7,
                                    "sizes": []
                                },
                                "automatically_align_buttons": "yes",
                                "view_cart_typography_typography": "custom",
                                "view_cart_typography_font_family": "Inter",
                                "view_cart_typography_font_size": {
                                    "unit": "px",
                                    "size": 14,
                                    "sizes": []
                                },
                                "view_cart_typography_font_size_tablet": {
                                    "unit": "px",
                                    "size": 13,
                                    "sizes": []
                                },
                                "view_cart_typography_font_size_mobile": {
                                    "unit": "px",
                                    "size": 12,
                                    "sizes": []
                                },
                                "view_cart_typography_font_weight": "400",
                                "view_cart_typography_line_height": {
                                    "unit": "em",
                                    "size": 1.600000000000000088817841970012523233890533447265625,
                                    "sizes": []
                                },
                                "view_cart_typography_word_spacing": {
                                    "unit": "em",
                                    "size": "",
                                    "sizes": []
                                },
                                "view_cart_spacing": {
                                    "unit": "px",
                                    "size": 14,
                                    "sizes": []
                                },
                                "heading_typography_typography": "custom",
                                "heading_typography_font_family": "Red Hat Display",
                                "heading_typography_font_size": {
                                    "unit": "px",
                                    "size": 33.159999999999996589394868351519107818603515625,
                                    "sizes": []
                                },
                                "heading_typography_font_size_tablet": {
                                    "unit": "px",
                                    "size": 27.339999999999999857891452847979962825775146484375,
                                    "sizes": []
                                },
                                "heading_typography_font_size_mobile": {
                                    "unit": "px",
                                    "size": 22.46000000000000085265128291212022304534912109375,
                                    "sizes": []
                                },
                                "heading_typography_font_weight": "700",
                                "heading_typography_font_style": "normal",
                                "heading_typography_line_height": {
                                    "unit": "em",
                                    "size": 1.1999999999999999555910790149937383830547332763671875,
                                    "sizes": []
                                },
                                "heading_typography_letter_spacing": {
                                    "unit": "px",
                                    "size": -1,
                                    "sizes": []
                                },
                                "heading_typography_word_spacing": {
                                    "unit": "em",
                                    "size": "",
                                    "sizes": []
                                },
                                "heading_spacing": {
                                    "unit": "em",
                                    "size": 2,
                                    "sizes": []
                                },
                                "heading_spacing_tablet": {
                                    "unit": "em",
                                    "size": 1,
                                    "sizes": []
                                },
                                "heading_spacing_mobile": {
                                    "unit": "em",
                                    "size": "",
                                    "sizes": []
                                },
                                "box_border_width": {
                                    "unit": "px",
                                    "top": "1",
                                    "right": "1",
                                    "bottom": "1",
                                    "left": "1",
                                    "isLinked": true
                                },
                                "box_border_radius": {
                                    "unit": "px",
                                    "size": 10,
                                    "sizes": []
                                },
                                "box_padding": {
                                    "unit": "em",
                                    "top": "1",
                                    "right": "1",
                                    "bottom": "1",
                                    "left": "1",
                                    "isLinked": true
                                },
                                "box_padding_tablet": {
                                    "unit": "em",
                                    "top": "",
                                    "right": "",
                                    "bottom": "",
                                    "left": "",
                                    "isLinked": true
                                },
                                "box_padding_mobile": {
                                    "unit": "em",
                                    "top": "",
                                    "right": "",
                                    "bottom": "",
                                    "left": "",
                                    "isLinked": true
                                },
                                "box_border_color": "#FFFFFF2B",
                                "box_border_color_hover": "#DCDCDE",
                                "onsale_text_color": "#393C41",
                                "onsale_text_background_color": "#FFCE00",
                                "onsale_typography_font_family": "Inter",
                                "onsale_typography_font_size": {
                                    "unit": "px",
                                    "size": 14,
                                    "sizes": []
                                },
                                "onsale_typography_font_size_tablet": {
                                    "unit": "px",
                                    "size": 13,
                                    "sizes": []
                                },
                                "onsale_typography_font_size_mobile": {
                                    "unit": "px",
                                    "size": 12,
                                    "sizes": []
                                },
                                "onsale_typography_font_weight": "400",
                                "onsale_typography_line_height": {
                                    "unit": "em",
                                    "size": 1.600000000000000088817841970012523233890533447265625,
                                    "sizes": []
                                },
                                "onsale_typography_word_spacing": {
                                    "unit": "em",
                                    "size": "",
                                    "sizes": []
                                },
                                "__globals__": {
                                    "title_typography_typography": "globals\/typography?id=520c191",
                                    "star_color": "globals\/colors?id=d49ac81",
                                    "empty_star_color": "globals\/colors?id=4d462f5",
                                    "price_typography_typography": "globals\/typography?id=b2ce6af",
                                    "price_color": "globals\/colors?id=primary",
                                    "title_color": "globals\/colors?id=639e8dd",
                                    "button_text_color": "globals\/colors?id=primary",
                                    "button_background_color": "globals\/colors?id=d49ac81",
                                    "button_typography_typography": "globals\/typography?id=69c152f",
                                    "button_hover_color": "globals\/colors?id=primary",
                                    "button_hover_background_color": "globals\/colors?id=332724a",
                                    "view_cart_typography_typography": "globals\/typography?id=69c152f",
                                    "heading_typography_typography": "globals\/typography?id=d3dae9a",
                                    "box_border_color": "globals\/colors?id=accent",
                                    "box_border_color_hover": "globals\/colors?id=4d462f5",
                                    "onsale_text_color": "globals\/colors?id=primary",
                                    "onsale_text_background_color": "globals\/colors?id=d49ac81",
                                    "onsale_typography_typography": ""
                                },
                                "column_gap": {
                                    "unit": "px",
                                    "size": 14,
                                    "sizes": []
                                },
                                "row_gap": {
                                    "unit": "px",
                                    "size": 14,
                                    "sizes": []
                                },
                                "columns_tablet": 4,
                                "column_gap_tablet": {
                                    "unit": "px",
                                    "size": 14,
                                    "sizes": []
                                },
                                "row_gap_tablet": {
                                    "unit": "px",
                                    "size": 21,
                                    "sizes": []
                                }
                            },
                            "elements": [],
                            "isInner": false,
                            "widgetType": "woocommerce-product-related",
                            "elType": "widget"
                        }
                    ],
                    "isInner": false,
                    "elType": "column"
                }
            ],
            "isInner": false,
            "elType": "section"
        }
    ]
}