{
    "version": "0.4",
    "title": "clicknbuy &#8211; Footer",
    "type": "footer",
    "metadata": {
        "template_type": "section-header",
        "include_in_zip": "1",
        "elementor_pro_required": "1",
        "elementor_library_type": "footer",
        "elementor_pro_conditions": [
            "include\/general"
        ],
        "additional_template_information": [
            "This is a \"Footer\" template for Elementor Pro.",
            "This template will display on: Entire Site."
        ],
        "wp_page_template": "default"
    },
    "content": [
        {
            "id": "73f65474",
            "settings": {
                "content_position": "middle",
                "structure": "20",
                "background_background": "gradient",
                "background_gradient_angle": {
                    "unit": "deg",
                    "size": 135,
                    "sizes": []
                },
                "padding": {
                    "unit": "em",
                    "top": "2",
                    "right": "0",
                    "bottom": "2",
                    "left": "0",
                    "isLinked": false
                },
                "padding_tablet": {
                    "unit": "em",
                    "top": "",
                    "right": "",
                    "bottom": "",
                    "left": "",
                    "isLinked": true
                },
                "padding_mobile": {
                    "unit": "em",
                    "top": "",
                    "right": "",
                    "bottom": "",
                    "left": "",
                    "isLinked": true
                },
                "__globals__": {
                    "background_color": "globals\/colors?id=639e8dd",
                    "background_color_b": "globals\/colors?id=c3b4b98"
                }
            },
            "elements": [
                {
                    "id": "4c54bc2c",
                    "settings": {
                        "_column_size": 50,
                        "_inline_size": 70,
                        "padding": {
                            "unit": "em",
                            "top": "1",
                            "right": "1",
                            "bottom": "1",
                            "left": "1",
                            "isLinked": true
                        },
                        "padding_tablet": {
                            "unit": "em",
                            "top": "",
                            "right": "",
                            "bottom": "",
                            "left": "",
                            "isLinked": true
                        },
                        "padding_mobile": {
                            "unit": "em",
                            "top": "",
                            "right": "",
                            "bottom": "",
                            "left": "",
                            "isLinked": true
                        },
                        "_inline_size_tablet": 60
                    },
                    "elements": [
                        {
                            "id": "207aef75",
                            "settings": {
                                "title": "Signup our newsletter to get update information, news, insight or promotions.\n",
                                "header_size": "h3",
                                "__globals__": {
                                    "title_color": "globals\/colors?id=text"
                                },
                                "align_mobile": "center"
                            },
                            "elements": [],
                            "isInner": false,
                            "widgetType": "heading",
                            "elType": "widget"
                        }
                    ],
                    "isInner": false,
                    "elType": "column"
                },
                {
                    "id": "5ba5da90",
                    "settings": {
                        "_column_size": 50,
                        "_inline_size": 30,
                        "padding": {
                            "unit": "em",
                            "top": "1",
                            "right": "1",
                            "bottom": "1",
                            "left": "1",
                            "isLinked": true
                        },
                        "padding_tablet": {
                            "unit": "em",
                            "top": "",
                            "right": "",
                            "bottom": "",
                            "left": "",
                            "isLinked": true
                        },
                        "padding_mobile": {
                            "unit": "em",
                            "top": "",
                            "right": "",
                            "bottom": "",
                            "left": "",
                            "isLinked": true
                        },
                        "_inline_size_tablet": 40
                    },
                    "elements": [
                        {
                            "id": "2f76a83",
                            "settings": {
                                "form_name": "New Form",
                                "form_fields": [
                                    {
                                        "custom_id": "email",
                                        "field_type": "email",
                                        "required": "true",
                                        "field_label": "Email",
                                        "placeholder": "Email",
                                        "_id": "42981a0"
                                    }
                                ],
                                "input_size": "md",
                                "show_labels": "",
                                "button_size": "md",
                                "step_next_label": "Next",
                                "step_previous_label": "Previous",
                                "button_text": "Sign Up ",
                                "selected_button_icon": {
                                    "value": "far fa-envelope",
                                    "library": "fa-regular"
                                },
                                "email_content": "[all-fields]",
                                "email_content_2": "[all-fields]",
                                "success_message": "The form was sent successfully.",
                                "error_message": "An error occurred.",
                                "required_field_message": "This field is required.",
                                "invalid_message": "There&#039;s something wrong. The form is invalid.",
                                "field_background_color": "",
                                "button_text_color": "",
                                "previous_button_text_color": "",
                                "button_hover_color": "",
                                "previous_button_text_color_hover": ""
                            },
                            "elements": [],
                            "isInner": false,
                            "widgetType": "form",
                            "elType": "widget"
                        }
                    ],
                    "isInner": false,
                    "elType": "column"
                }
            ],
            "isInner": false,
            "elType": "section"
        },
        {
            "id": "e31617e",
            "settings": {
                "background_background": "classic",
                "padding": {
                    "unit": "em",
                    "top": "1",
                    "right": "0",
                    "bottom": "0",
                    "left": "0",
                    "isLinked": false
                },
                "padding_tablet": {
                    "unit": "em",
                    "top": "",
                    "right": "",
                    "bottom": "",
                    "left": "",
                    "isLinked": true
                },
                "padding_mobile": {
                    "unit": "em",
                    "top": "",
                    "right": "",
                    "bottom": "",
                    "left": "",
                    "isLinked": true
                },
                "__globals__": {
                    "background_color": "globals\/colors?id=cfa1f76"
                }
            },
            "elements": [
                {
                    "id": "84e619",
                    "settings": {
                        "_column_size": 100,
                        "_inline_size": null,
                        "padding": {
                            "unit": "px",
                            "top": "0",
                            "right": "0",
                            "bottom": "0",
                            "left": "0",
                            "isLinked": false
                        }
                    },
                    "elements": [
                        {
                            "id": "14840542",
                            "settings": {
                                "structure": "40",
                                "border_border": "solid",
                                "border_width": {
                                    "unit": "px",
                                    "top": "0",
                                    "right": "0",
                                    "bottom": "1",
                                    "left": "0",
                                    "isLinked": false
                                },
                                "padding": {
                                    "unit": "em",
                                    "top": "0",
                                    "right": "0",
                                    "bottom": "1",
                                    "left": "0",
                                    "isLinked": false
                                },
                                "padding_tablet": {
                                    "unit": "em",
                                    "top": "",
                                    "right": "",
                                    "bottom": "",
                                    "left": "",
                                    "isLinked": true
                                },
                                "padding_mobile": {
                                    "unit": "em",
                                    "top": "",
                                    "right": "",
                                    "bottom": "",
                                    "left": "",
                                    "isLinked": true
                                },
                                "__globals__": {
                                    "border_color": "globals\/colors?id=4d462f5"
                                }
                            },
                            "elements": [
                                {
                                    "id": "160f43db",
                                    "settings": {
                                        "_column_size": 25,
                                        "_inline_size": null,
                                        "_inline_size_mobile": 50,
                                        "padding": {
                                            "unit": "em",
                                            "top": "1",
                                            "right": "1",
                                            "bottom": "1",
                                            "left": "1",
                                            "isLinked": true
                                        },
                                        "padding_tablet": {
                                            "unit": "em",
                                            "top": "",
                                            "right": "",
                                            "bottom": "",
                                            "left": "",
                                            "isLinked": true
                                        },
                                        "padding_mobile": {
                                            "unit": "em",
                                            "top": "",
                                            "right": "",
                                            "bottom": "",
                                            "left": "",
                                            "isLinked": true
                                        }
                                    },
                                    "elements": [
                                        {
                                            "id": "1cb4f42",
                                            "settings": {
                                                "selected_icon": {
                                                    "value": "lnr lnr-laptop-phone",
                                                    "library": "skb_cife-linearicons-icon"
                                                },
                                                "title_text": "Original Product",
                                                "description_text": "100% Original product that covered warranty by the vendor.",
                                                "position": "left",
                                                "position_tablet": "top",
                                                "title_size": "div",
                                                "icon_space_mobile": {
                                                    "unit": "px",
                                                    "size": 7,
                                                    "sizes": []
                                                },
                                                "icon_size_tablet": {
                                                    "unit": "px",
                                                    "size": 42,
                                                    "sizes": []
                                                },
                                                "title_bottom_space": {
                                                    "unit": "px",
                                                    "size": 7,
                                                    "sizes": []
                                                },
                                                "__globals__": {
                                                    "primary_color": "globals\/colors?id=c3b4b98",
                                                    "title_typography_typography": "globals\/typography?id=520c191",
                                                    "description_typography_typography": "globals\/typography?id=69c152f"
                                                }
                                            },
                                            "elements": [],
                                            "isInner": false,
                                            "widgetType": "icon-box",
                                            "elType": "widget"
                                        }
                                    ],
                                    "isInner": true,
                                    "elType": "column"
                                },
                                {
                                    "id": "3eca1184",
                                    "settings": {
                                        "_column_size": 25,
                                        "_inline_size": null,
                                        "_inline_size_mobile": 50,
                                        "padding": {
                                            "unit": "em",
                                            "top": "1",
                                            "right": "1",
                                            "bottom": "1",
                                            "left": "1",
                                            "isLinked": true
                                        },
                                        "padding_tablet": {
                                            "unit": "em",
                                            "top": "",
                                            "right": "",
                                            "bottom": "",
                                            "left": "",
                                            "isLinked": true
                                        },
                                        "padding_mobile": {
                                            "unit": "em",
                                            "top": "",
                                            "right": "",
                                            "bottom": "",
                                            "left": "",
                                            "isLinked": true
                                        }
                                    },
                                    "elements": [
                                        {
                                            "id": "7f66968d",
                                            "settings": {
                                                "selected_icon": {
                                                    "value": "icon icon-shield11",
                                                    "library": "ekiticons"
                                                },
                                                "title_text": "30 Days Warranty",
                                                "description_text": "You have the right to return your orders within 30 days.",
                                                "position": "left",
                                                "position_tablet": "top",
                                                "title_size": "div",
                                                "icon_space_mobile": {
                                                    "unit": "px",
                                                    "size": 7,
                                                    "sizes": []
                                                },
                                                "icon_size_tablet": {
                                                    "unit": "px",
                                                    "size": 42,
                                                    "sizes": []
                                                },
                                                "title_bottom_space": {
                                                    "unit": "px",
                                                    "size": 7,
                                                    "sizes": []
                                                },
                                                "__globals__": {
                                                    "primary_color": "globals\/colors?id=c3b4b98",
                                                    "title_typography_typography": "globals\/typography?id=520c191",
                                                    "description_typography_typography": "globals\/typography?id=69c152f"
                                                }
                                            },
                                            "elements": [],
                                            "isInner": false,
                                            "widgetType": "icon-box",
                                            "elType": "widget"
                                        }
                                    ],
                                    "isInner": true,
                                    "elType": "column"
                                },
                                {
                                    "id": "69db6b97",
                                    "settings": {
                                        "_column_size": 25,
                                        "_inline_size": null,
                                        "_inline_size_mobile": 50,
                                        "padding": {
                                            "unit": "em",
                                            "top": "1",
                                            "right": "1",
                                            "bottom": "1",
                                            "left": "1",
                                            "isLinked": true
                                        },
                                        "padding_tablet": {
                                            "unit": "em",
                                            "top": "",
                                            "right": "",
                                            "bottom": "",
                                            "left": "",
                                            "isLinked": true
                                        },
                                        "padding_mobile": {
                                            "unit": "em",
                                            "top": "",
                                            "right": "",
                                            "bottom": "",
                                            "left": "",
                                            "isLinked": true
                                        }
                                    },
                                    "elements": [
                                        {
                                            "id": "4163cec4",
                                            "settings": {
                                                "selected_icon": {
                                                    "value": " ti-package",
                                                    "library": "skb_cife-themify-icon"
                                                },
                                                "title_text": "Global Shipping",
                                                "description_text": "Your orders are shipped seamlessly between countries.",
                                                "position": "left",
                                                "position_tablet": "top",
                                                "title_size": "div",
                                                "icon_space_mobile": {
                                                    "unit": "px",
                                                    "size": 7,
                                                    "sizes": []
                                                },
                                                "icon_size_tablet": {
                                                    "unit": "px",
                                                    "size": 42,
                                                    "sizes": []
                                                },
                                                "title_bottom_space": {
                                                    "unit": "px",
                                                    "size": 7,
                                                    "sizes": []
                                                },
                                                "__globals__": {
                                                    "primary_color": "globals\/colors?id=c3b4b98",
                                                    "title_typography_typography": "globals\/typography?id=520c191",
                                                    "description_typography_typography": "globals\/typography?id=69c152f"
                                                }
                                            },
                                            "elements": [],
                                            "isInner": false,
                                            "widgetType": "icon-box",
                                            "elType": "widget"
                                        }
                                    ],
                                    "isInner": true,
                                    "elType": "column"
                                },
                                {
                                    "id": "4f2d1003",
                                    "settings": {
                                        "_column_size": 25,
                                        "_inline_size": null,
                                        "_inline_size_mobile": 50,
                                        "padding": {
                                            "unit": "em",
                                            "top": "1",
                                            "right": "1",
                                            "bottom": "1",
                                            "left": "1",
                                            "isLinked": true
                                        },
                                        "padding_tablet": {
                                            "unit": "em",
                                            "top": "",
                                            "right": "",
                                            "bottom": "",
                                            "left": "",
                                            "isLinked": true
                                        },
                                        "padding_mobile": {
                                            "unit": "em",
                                            "top": "",
                                            "right": "",
                                            "bottom": "",
                                            "left": "",
                                            "isLinked": true
                                        }
                                    },
                                    "elements": [
                                        {
                                            "id": "5929c97c",
                                            "settings": {
                                                "selected_icon": {
                                                    "value": "icons icon-lock",
                                                    "library": "skb_cife-simple_line-icon"
                                                },
                                                "title_text": "100% Secure",
                                                "description_text": "Your payments are secure with our private security network.\n\n",
                                                "position": "left",
                                                "position_tablet": "top",
                                                "title_size": "div",
                                                "icon_space_mobile": {
                                                    "unit": "px",
                                                    "size": 7,
                                                    "sizes": []
                                                },
                                                "icon_size_tablet": {
                                                    "unit": "px",
                                                    "size": 42,
                                                    "sizes": []
                                                },
                                                "title_bottom_space": {
                                                    "unit": "px",
                                                    "size": 7,
                                                    "sizes": []
                                                },
                                                "__globals__": {
                                                    "primary_color": "globals\/colors?id=c3b4b98",
                                                    "title_typography_typography": "globals\/typography?id=520c191",
                                                    "description_typography_typography": "globals\/typography?id=69c152f"
                                                }
                                            },
                                            "elements": [],
                                            "isInner": false,
                                            "widgetType": "icon-box",
                                            "elType": "widget"
                                        }
                                    ],
                                    "isInner": true,
                                    "elType": "column"
                                }
                            ],
                            "isInner": true,
                            "elType": "section"
                        },
                        {
                            "id": "44b3fa7e",
                            "settings": {
                                "structure": "40",
                                "border_width": {
                                    "unit": "px",
                                    "top": "0",
                                    "right": "0",
                                    "bottom": "1",
                                    "left": "0",
                                    "isLinked": false
                                },
                                "padding": {
                                    "unit": "em",
                                    "top": "2",
                                    "right": "0",
                                    "bottom": "2",
                                    "left": "0",
                                    "isLinked": false
                                },
                                "padding_tablet": {
                                    "unit": "em",
                                    "top": "",
                                    "right": "",
                                    "bottom": "",
                                    "left": "",
                                    "isLinked": true
                                },
                                "padding_mobile": {
                                    "unit": "em",
                                    "top": "0",
                                    "right": "0",
                                    "bottom": "0",
                                    "left": "0",
                                    "isLinked": false
                                },
                                "__globals__": {
                                    "border_color": "globals\/colors?id=4d462f5"
                                }
                            },
                            "elements": [
                                {
                                    "id": "61343f60",
                                    "settings": {
                                        "_column_size": 25,
                                        "_inline_size": 40,
                                        "margin": {
                                            "unit": "%",
                                            "top": "0",
                                            "right": "20",
                                            "bottom": "0",
                                            "left": "0",
                                            "isLinked": false
                                        },
                                        "margin_tablet": {
                                            "unit": "%",
                                            "top": "",
                                            "right": "",
                                            "bottom": "",
                                            "left": "",
                                            "isLinked": true
                                        },
                                        "margin_mobile": {
                                            "unit": "%",
                                            "top": "0",
                                            "right": "0",
                                            "bottom": "0",
                                            "left": "0",
                                            "isLinked": false
                                        },
                                        "padding": {
                                            "unit": "em",
                                            "top": "1",
                                            "right": "1",
                                            "bottom": "1",
                                            "left": "1",
                                            "isLinked": true
                                        },
                                        "padding_tablet": {
                                            "unit": "em",
                                            "top": "",
                                            "right": "",
                                            "bottom": "",
                                            "left": "",
                                            "isLinked": true
                                        },
                                        "padding_mobile": {
                                            "unit": "em",
                                            "top": "",
                                            "right": "",
                                            "bottom": "",
                                            "left": "",
                                            "isLinked": true
                                        }
                                    },
                                    "elements": [
                                        {
                                            "id": "4d70bebb",
                                            "settings": {
                                                "title": "Download our app",
                                                "header_size": "h5"
                                            },
                                            "elements": [],
                                            "isInner": false,
                                            "widgetType": "heading",
                                            "elType": "widget"
                                        },
                                        {
                                            "id": "1b20b019",
                                            "settings": {
                                                "title": "Proin sagittis fermentum rutrum himenaeos tempor volutpat duis etiam integer",
                                                "header_size": "div",
                                                "__globals__": {
                                                    "typography_typography": "globals\/typography?id=b2ce6af"
                                                }
                                            },
                                            "elements": [],
                                            "isInner": false,
                                            "widgetType": "heading",
                                            "elType": "widget"
                                        },
                                        {
                                            "id": "25eafc79",
                                            "settings": {
                                                "image": {
                                                    "url": "https:\/\/fullkit.moxcreative.com\/clicknbuy\/wp-content\/uploads\/sites\/16\/2022\/09\/Google-Play_button.png",
                                                    "id": 118,
                                                    "alt": "",
                                                    "source": "library"
                                                },
                                                "image_size": "custom",
                                                "image_custom_dimension": {
                                                    "width": "",
                                                    "height": "45"
                                                },
                                                "link_to": "custom",
                                                "link": {
                                                    "url": "#",
                                                    "is_external": "",
                                                    "nofollow": "",
                                                    "custom_attributes": ""
                                                },
                                                "_margin": {
                                                    "unit": "px",
                                                    "top": "10",
                                                    "right": "10",
                                                    "bottom": "10",
                                                    "left": "0",
                                                    "isLinked": false
                                                },
                                                "_element_width": "auto",
                                                "_element_width_mobile": "initial",
                                                "_element_custom_width_mobile": {
                                                    "unit": "%",
                                                    "size": 50,
                                                    "sizes": []
                                                }
                                            },
                                            "elements": [],
                                            "isInner": false,
                                            "widgetType": "image",
                                            "elType": "widget"
                                        },
                                        {
                                            "id": "fe1f42c",
                                            "settings": {
                                                "image": {
                                                    "url": "https:\/\/fullkit.moxcreative.com\/clicknbuy\/wp-content\/uploads\/sites\/16\/2022\/09\/App-Store_button.png",
                                                    "id": 117,
                                                    "alt": "",
                                                    "source": "library"
                                                },
                                                "image_size": "custom",
                                                "image_custom_dimension": {
                                                    "width": "",
                                                    "height": "45"
                                                },
                                                "link_to": "custom",
                                                "link": {
                                                    "url": "#",
                                                    "is_external": "",
                                                    "nofollow": "",
                                                    "custom_attributes": ""
                                                },
                                                "_margin": {
                                                    "unit": "px",
                                                    "top": "10",
                                                    "right": "10",
                                                    "bottom": "10",
                                                    "left": "0",
                                                    "isLinked": false
                                                },
                                                "_element_width": "auto",
                                                "_element_width_mobile": "initial",
                                                "_element_custom_width_mobile": {
                                                    "unit": "%",
                                                    "size": 50,
                                                    "sizes": []
                                                }
                                            },
                                            "elements": [],
                                            "isInner": false,
                                            "widgetType": "image",
                                            "elType": "widget"
                                        }
                                    ],
                                    "isInner": true,
                                    "elType": "column"
                                },
                                {
                                    "id": "f6ca59a",
                                    "settings": {
                                        "_column_size": 25,
                                        "_inline_size": 20,
                                        "padding": {
                                            "unit": "em",
                                            "top": "1",
                                            "right": "1",
                                            "bottom": "1",
                                            "left": "1",
                                            "isLinked": true
                                        },
                                        "padding_tablet": {
                                            "unit": "em",
                                            "top": "",
                                            "right": "",
                                            "bottom": "",
                                            "left": "",
                                            "isLinked": true
                                        },
                                        "padding_mobile": {
                                            "unit": "em",
                                            "top": "",
                                            "right": "",
                                            "bottom": "",
                                            "left": "",
                                            "isLinked": true
                                        }
                                    },
                                    "elements": [
                                        {
                                            "id": "63c50135",
                                            "settings": {
                                                "title": "Support\n",
                                                "header_size": "h5"
                                            },
                                            "elements": [],
                                            "isInner": false,
                                            "widgetType": "heading",
                                            "elType": "widget"
                                        },
                                        {
                                            "id": "3b7fd68",
                                            "settings": {
                                                "icon_list": [
                                                    {
                                                        "text": "Help Center",
                                                        "selected_icon": {
                                                            "value": "",
                                                            "library": ""
                                                        },
                                                        "_id": "a303575",
                                                        "link": {
                                                            "url": "#",
                                                            "is_external": "",
                                                            "nofollow": "",
                                                            "custom_attributes": ""
                                                        }
                                                    },
                                                    {
                                                        "text": "Track your order",
                                                        "selected_icon": {
                                                            "value": "",
                                                            "library": ""
                                                        },
                                                        "link": {
                                                            "url": "#",
                                                            "is_external": "",
                                                            "nofollow": "",
                                                            "custom_attributes": ""
                                                        },
                                                        "_id": "c525273"
                                                    },
                                                    {
                                                        "text": "My Account",
                                                        "selected_icon": {
                                                            "value": "",
                                                            "library": ""
                                                        },
                                                        "link": {
                                                            "url": "#",
                                                            "is_external": "",
                                                            "nofollow": "",
                                                            "custom_attributes": ""
                                                        },
                                                        "_id": "bdc5a3f"
                                                    },
                                                    {
                                                        "text": "Returns & Replacements",
                                                        "selected_icon": {
                                                            "value": "",
                                                            "library": ""
                                                        },
                                                        "link": {
                                                            "url": "#",
                                                            "is_external": "",
                                                            "nofollow": "",
                                                            "custom_attributes": ""
                                                        },
                                                        "_id": "71df341"
                                                    },
                                                    {
                                                        "text": "Contact us",
                                                        "selected_icon": {
                                                            "value": "",
                                                            "library": ""
                                                        },
                                                        "link": {
                                                            "url": "#",
                                                            "is_external": "",
                                                            "nofollow": "",
                                                            "custom_attributes": ""
                                                        },
                                                        "_id": "d861662"
                                                    }
                                                ],
                                                "space_between": {
                                                    "unit": "px",
                                                    "size": 7,
                                                    "sizes": []
                                                },
                                                "__globals__": {
                                                    "icon_typography_typography": "globals\/typography?id=69c152f"
                                                }
                                            },
                                            "elements": [],
                                            "isInner": false,
                                            "widgetType": "icon-list",
                                            "elType": "widget"
                                        }
                                    ],
                                    "isInner": true,
                                    "elType": "column"
                                },
                                {
                                    "id": "6c55194e",
                                    "settings": {
                                        "_column_size": 25,
                                        "_inline_size": 20,
                                        "padding": {
                                            "unit": "em",
                                            "top": "1",
                                            "right": "1",
                                            "bottom": "1",
                                            "left": "1",
                                            "isLinked": true
                                        },
                                        "padding_tablet": {
                                            "unit": "em",
                                            "top": "",
                                            "right": "",
                                            "bottom": "",
                                            "left": "",
                                            "isLinked": true
                                        },
                                        "padding_mobile": {
                                            "unit": "em",
                                            "top": "",
                                            "right": "",
                                            "bottom": "",
                                            "left": "",
                                            "isLinked": true
                                        }
                                    },
                                    "elements": [
                                        {
                                            "id": "2d10039d",
                                            "settings": {
                                                "title": "Company\n",
                                                "header_size": "h5"
                                            },
                                            "elements": [],
                                            "isInner": false,
                                            "widgetType": "heading",
                                            "elType": "widget"
                                        },
                                        {
                                            "id": "3037811c",
                                            "settings": {
                                                "icon_list": [
                                                    {
                                                        "text": "About us",
                                                        "selected_icon": {
                                                            "value": "",
                                                            "library": ""
                                                        },
                                                        "_id": "a303575",
                                                        "link": {
                                                            "url": "#",
                                                            "is_external": "",
                                                            "nofollow": "",
                                                            "custom_attributes": ""
                                                        }
                                                    },
                                                    {
                                                        "text": "Leadership",
                                                        "selected_icon": {
                                                            "value": "",
                                                            "library": ""
                                                        },
                                                        "link": {
                                                            "url": "#",
                                                            "is_external": "",
                                                            "nofollow": "",
                                                            "custom_attributes": ""
                                                        },
                                                        "_id": "2120613"
                                                    },
                                                    {
                                                        "text": "Careers",
                                                        "selected_icon": {
                                                            "value": "",
                                                            "library": ""
                                                        },
                                                        "link": {
                                                            "url": "#",
                                                            "is_external": "",
                                                            "nofollow": "",
                                                            "custom_attributes": ""
                                                        },
                                                        "_id": "62172f8"
                                                    },
                                                    {
                                                        "text": "News & Article",
                                                        "selected_icon": {
                                                            "value": "",
                                                            "library": ""
                                                        },
                                                        "link": {
                                                            "url": "#",
                                                            "is_external": "",
                                                            "nofollow": "",
                                                            "custom_attributes": ""
                                                        },
                                                        "_id": "e72cd94"
                                                    },
                                                    {
                                                        "text": "Legal Notice",
                                                        "selected_icon": {
                                                            "value": "",
                                                            "library": ""
                                                        },
                                                        "link": {
                                                            "url": "#",
                                                            "is_external": "",
                                                            "nofollow": "",
                                                            "custom_attributes": ""
                                                        },
                                                        "_id": "6f4ad75"
                                                    }
                                                ],
                                                "space_between": {
                                                    "unit": "px",
                                                    "size": 7,
                                                    "sizes": []
                                                },
                                                "__globals__": {
                                                    "icon_typography_typography": "globals\/typography?id=69c152f"
                                                }
                                            },
                                            "elements": [],
                                            "isInner": false,
                                            "widgetType": "icon-list",
                                            "elType": "widget"
                                        }
                                    ],
                                    "isInner": true,
                                    "elType": "column"
                                },
                                {
                                    "id": "4b9367e2",
                                    "settings": {
                                        "_column_size": 25,
                                        "_inline_size": 20,
                                        "padding": {
                                            "unit": "em",
                                            "top": "1",
                                            "right": "1",
                                            "bottom": "1",
                                            "left": "1",
                                            "isLinked": true
                                        },
                                        "padding_tablet": {
                                            "unit": "em",
                                            "top": "",
                                            "right": "",
                                            "bottom": "",
                                            "left": "",
                                            "isLinked": true
                                        },
                                        "padding_mobile": {
                                            "unit": "em",
                                            "top": "",
                                            "right": "",
                                            "bottom": "",
                                            "left": "",
                                            "isLinked": true
                                        }
                                    },
                                    "elements": [
                                        {
                                            "id": "59481b1e",
                                            "settings": {
                                                "title": "Partnerships",
                                                "header_size": "h5"
                                            },
                                            "elements": [],
                                            "isInner": false,
                                            "widgetType": "heading",
                                            "elType": "widget"
                                        },
                                        {
                                            "id": "76a8bc1a",
                                            "settings": {
                                                "icon_list": [
                                                    {
                                                        "text": "Help Center",
                                                        "selected_icon": {
                                                            "value": "",
                                                            "library": ""
                                                        },
                                                        "_id": "a303575",
                                                        "link": {
                                                            "url": "#",
                                                            "is_external": "",
                                                            "nofollow": "",
                                                            "custom_attributes": ""
                                                        }
                                                    },
                                                    {
                                                        "text": "Track your order",
                                                        "selected_icon": {
                                                            "value": "",
                                                            "library": ""
                                                        },
                                                        "link": {
                                                            "url": "#",
                                                            "is_external": "",
                                                            "nofollow": "",
                                                            "custom_attributes": ""
                                                        },
                                                        "_id": "c525273"
                                                    },
                                                    {
                                                        "text": "My Account",
                                                        "selected_icon": {
                                                            "value": "",
                                                            "library": ""
                                                        },
                                                        "link": {
                                                            "url": "#",
                                                            "is_external": "",
                                                            "nofollow": "",
                                                            "custom_attributes": ""
                                                        },
                                                        "_id": "bdc5a3f"
                                                    },
                                                    {
                                                        "text": "Returns & Replacements",
                                                        "selected_icon": {
                                                            "value": "",
                                                            "library": ""
                                                        },
                                                        "link": {
                                                            "url": "#",
                                                            "is_external": "",
                                                            "nofollow": "",
                                                            "custom_attributes": ""
                                                        },
                                                        "_id": "71df341"
                                                    },
                                                    {
                                                        "text": "Contact us",
                                                        "selected_icon": {
                                                            "value": "",
                                                            "library": ""
                                                        },
                                                        "link": {
                                                            "url": "#",
                                                            "is_external": "",
                                                            "nofollow": "",
                                                            "custom_attributes": ""
                                                        },
                                                        "_id": "d861662"
                                                    }
                                                ],
                                                "space_between": {
                                                    "unit": "px",
                                                    "size": 7,
                                                    "sizes": []
                                                },
                                                "__globals__": {
                                                    "icon_typography_typography": "globals\/typography?id=69c152f"
                                                }
                                            },
                                            "elements": [],
                                            "isInner": false,
                                            "widgetType": "icon-list",
                                            "elType": "widget"
                                        }
                                    ],
                                    "isInner": true,
                                    "elType": "column"
                                }
                            ],
                            "isInner": true,
                            "elType": "section"
                        },
                        {
                            "id": "6bc3bac5",
                            "settings": {
                                "content_width": {
                                    "unit": "px",
                                    "size": 720,
                                    "sizes": []
                                },
                                "padding": {
                                    "unit": "em",
                                    "top": "1",
                                    "right": "0",
                                    "bottom": "1",
                                    "left": "0",
                                    "isLinked": false
                                },
                                "padding_tablet": {
                                    "unit": "em",
                                    "top": "",
                                    "right": "",
                                    "bottom": "",
                                    "left": "",
                                    "isLinked": true
                                },
                                "padding_mobile": {
                                    "unit": "em",
                                    "top": "",
                                    "right": "",
                                    "bottom": "",
                                    "left": "",
                                    "isLinked": true
                                }
                            },
                            "elements": [
                                {
                                    "id": "34cfde1",
                                    "settings": {
                                        "_column_size": 100,
                                        "_inline_size": null,
                                        "space_between_widgets": 7
                                    },
                                    "elements": [
                                        {
                                            "id": "4d879161",
                                            "settings": {
                                                "image": {
                                                    "url": "https:\/\/fullkit.moxcreative.com\/clicknbuy\/wp-content\/uploads\/sites\/16\/2022\/09\/logo_clicknbuy_b.png",
                                                    "id": 78,
                                                    "alt": "",
                                                    "source": "library"
                                                },
                                                "image_size": "full",
                                                "align": "center",
                                                "height": {
                                                    "unit": "px",
                                                    "size": 35,
                                                    "sizes": []
                                                },
                                                "object-fit": "contain",
                                                "css_filters_saturate": {
                                                    "unit": "px",
                                                    "size": 0,
                                                    "sizes": []
                                                }
                                            },
                                            "elements": [],
                                            "isInner": false,
                                            "widgetType": "image",
                                            "elType": "widget"
                                        },
                                        {
                                            "id": "5e513fe0",
                                            "settings": {
                                                "title": "Copyright \u00a9 2022 clicknbuy, All rights reserved. Powered by MoxCreative.",
                                                "header_size": "div",
                                                "align": "center",
                                                "__globals__": {
                                                    "typography_typography": "globals\/typography?id=112b6c4"
                                                }
                                            },
                                            "elements": [],
                                            "isInner": false,
                                            "widgetType": "heading",
                                            "elType": "widget"
                                        },
                                        {
                                            "id": "175a2573",
                                            "settings": {
                                                "social_icon_list": [
                                                    {
                                                        "social_icon": {
                                                            "value": "fab fa-facebook-f",
                                                            "library": "fa-brands"
                                                        },
                                                        "_id": "4f17f02"
                                                    },
                                                    {
                                                        "social_icon": {
                                                            "value": "fab fa-instagram",
                                                            "library": "fa-brands"
                                                        },
                                                        "_id": "f7cfb88"
                                                    },
                                                    {
                                                        "social_icon": {
                                                            "value": "fab fa-twitter",
                                                            "library": "fa-brands"
                                                        },
                                                        "_id": "1e9053c"
                                                    },
                                                    {
                                                        "social_icon": {
                                                            "value": "fab fa-youtube",
                                                            "library": "fa-brands"
                                                        },
                                                        "_id": "c6e5ecb"
                                                    }
                                                ],
                                                "icon_color": "custom",
                                                "icon_primary_color": "#02010100",
                                                "icon_secondary_color": "#232F3E",
                                                "icon_size": {
                                                    "unit": "px",
                                                    "size": 16,
                                                    "sizes": []
                                                },
                                                "__globals__": {
                                                    "icon_secondary_color": "globals\/colors?id=044b931",
                                                    "hover_primary_color": "",
                                                    "hover_secondary_color": "globals\/colors?id=c3b4b98"
                                                }
                                            },
                                            "elements": [],
                                            "isInner": false,
                                            "widgetType": "social-icons",
                                            "elType": "widget"
                                        }
                                    ],
                                    "isInner": true,
                                    "elType": "column"
                                }
                            ],
                            "isInner": true,
                            "elType": "section"
                        }
                    ],
                    "isInner": false,
                    "elType": "column"
                }
            ],
            "isInner": false,
            "elType": "section"
        }
    ]
}