{
    "version": "0.4",
    "title": "clicknbuy &#8211; header",
    "type": "header",
    "metadata": {
        "template_type": "section-header",
        "include_in_zip": "1",
        "elementor_pro_required": "1",
        "elementor_library_type": "header",
        "elementor_pro_conditions": [
            "include\/general"
        ],
        "additional_template_information": [
            "This is a \"Header\" template for Elementor Pro.",
            "This template will display on: Entire Site."
        ],
        "wp_page_template": "default"
    },
    "content": [
        {
            "id": "41b46bef",
            "settings": {
                "content_position": "middle",
                "structure": "20",
                "background_background": "classic",
                "border_border": "solid",
                "border_width": {
                    "unit": "px",
                    "top": "0",
                    "right": "0",
                    "bottom": "1",
                    "left": "0",
                    "isLinked": false
                },
                "__globals__": {
                    "background_color": "globals\/colors?id=639e8dd",
                    "border_color": "globals\/colors?id=accent"
                }
            },
            "elements": [
                {
                    "id": "1f7ac092",
                    "settings": {
                        "_column_size": 50,
                        "_inline_size": 70,
                        "_inline_size_tablet": 60
                    },
                    "elements": [
                        {
                            "id": "72a7416d",
                            "settings": {
                                "title": "Discount up to 35% for first purchase only this month.\n",
                                "header_size": "div",
                                "__globals__": {
                                    "typography_typography": "globals\/typography?id=112b6c4",
                                    "title_color": "globals\/colors?id=text"
                                },
                                "align_mobile": "center"
                            },
                            "elements": [],
                            "isInner": false,
                            "widgetType": "heading",
                            "elType": "widget"
                        }
                    ],
                    "isInner": false,
                    "elType": "column"
                },
                {
                    "id": "2e1a9795",
                    "settings": {
                        "_column_size": 50,
                        "_inline_size": 30,
                        "_inline_size_tablet": 40,
                        "hide_mobile": "hidden-mobile"
                    },
                    "elements": [
                        {
                            "id": "1b5f435",
                            "settings": {
                                "view": "inline",
                                "icon_list": [
                                    {
                                        "text": "Find our branch",
                                        "selected_icon": {
                                            "value": "fas fa-map-marker-alt",
                                            "library": "fa-solid"
                                        },
                                        "_id": "4fa01ae",
                                        "link": {
                                            "url": "#",
                                            "is_external": "",
                                            "nofollow": "",
                                            "custom_attributes": ""
                                        }
                                    },
                                    {
                                        "text": "Download our app",
                                        "selected_icon": {
                                            "value": "fab fa-google-play",
                                            "library": "fa-brands"
                                        },
                                        "link": {
                                            "url": "#",
                                            "is_external": "",
                                            "nofollow": "",
                                            "custom_attributes": ""
                                        },
                                        "_id": "dded7ed"
                                    }
                                ],
                                "icon_align": "right",
                                "__globals__": {
                                    "icon_color": "globals\/colors?id=d49ac81",
                                    "icon_typography_typography": "globals\/typography?id=112b6c4",
                                    "text_color": "globals\/colors?id=text",
                                    "text_color_hover": "globals\/colors?id=332724a"
                                }
                            },
                            "elements": [],
                            "isInner": false,
                            "widgetType": "icon-list",
                            "elType": "widget"
                        }
                    ],
                    "isInner": false,
                    "elType": "column"
                }
            ],
            "isInner": false,
            "elType": "section"
        },
        {
            "id": "2d39a9bb",
            "settings": {
                "structure": "40",
                "background_background": "classic",
                "padding": {
                    "unit": "em",
                    "top": "1",
                    "right": "0",
                    "bottom": "1",
                    "left": "0",
                    "isLinked": false
                },
                "padding_tablet": {
                    "unit": "em",
                    "top": "",
                    "right": "",
                    "bottom": "",
                    "left": "",
                    "isLinked": true
                },
                "padding_mobile": {
                    "unit": "em",
                    "top": "0",
                    "right": "0",
                    "bottom": "0",
                    "left": "0",
                    "isLinked": false
                },
                "__globals__": {
                    "background_color": "globals\/colors?id=639e8dd"
                },
                "content_position": "middle"
            },
            "elements": [
                {
                    "id": "52dcde85",
                    "settings": {
                        "_column_size": 25,
                        "_inline_size": 5,
                        "_inline_size_tablet": 8,
                        "_inline_size_mobile": 20
                    },
                    "elements": [
                        {
                            "id": "4a824b26",
                            "settings": {
                                "selected_icon": {
                                    "value": " ti-menu",
                                    "library": "skb_cife-themify-icon"
                                },
                                "view": "stacked",
                                "shape": "square",
                                "link": {
                                    "url": "#",
                                    "is_external": "",
                                    "nofollow": "",
                                    "custom_attributes": ""
                                },
                                "primary_color": "#FFFFFF00",
                                "secondary_color": "#FFFFFF",
                                "hover_primary_color": "#FFF20000",
                                "size": {
                                    "unit": "px",
                                    "size": 28,
                                    "sizes": []
                                },
                                "icon_padding": {
                                    "unit": "px",
                                    "size": 7,
                                    "sizes": []
                                },
                                "_margin": {
                                    "unit": "px",
                                    "top": "0",
                                    "right": "0",
                                    "bottom": "0",
                                    "left": "0",
                                    "isLinked": false
                                },
                                "_padding": {
                                    "unit": "px",
                                    "top": "0",
                                    "right": "0",
                                    "bottom": "0",
                                    "left": "0",
                                    "isLinked": false
                                },
                                "_element_width": "auto",
                                "_element_vertical_align": "center",
                                "__globals__": {
                                    "primary_color": "",
                                    "hover_primary_color": "",
                                    "secondary_color": "globals\/colors?id=text",
                                    "hover_secondary_color": "globals\/colors?id=332724a"
                                },
                                "__dynamic__": {
                                    "link": "[elementor-tag id=\"430d2eb\" name=\"popup\" settings=\"%7B%22popup%22%3A%2277%22%7D\"]"
                                }
                            },
                            "elements": [],
                            "isInner": false,
                            "widgetType": "icon",
                            "elType": "widget"
                        }
                    ],
                    "isInner": false,
                    "elType": "column"
                },
                {
                    "id": "2196a598",
                    "settings": {
                        "_column_size": 25,
                        "_inline_size": 15,
                        "_inline_size_tablet": 22,
                        "_inline_size_mobile": 60
                    },
                    "elements": [
                        {
                            "id": "746787c3",
                            "settings": {
                                "image": {
                                    "url": "https:\/\/fullkit.moxcreative.com\/clicknbuy\/wp-content\/uploads\/sites\/16\/2022\/09\/logo_clicknbuy.png",
                                    "id": 55,
                                    "alt": "",
                                    "source": "library"
                                },
                                "image_size": "custom",
                                "image_custom_dimension": {
                                    "width": "",
                                    "height": "49"
                                },
                                "align": "left",
                                "link_to": "custom",
                                "__dynamic__": {
                                    "link": "[elementor-tag id=\"c1c1d7a\" name=\"site-url\" settings=\"%7B%7D\"]"
                                },
                                "align_mobile": "center",
                                "width_mobile": {
                                    "unit": "%",
                                    "size": 80,
                                    "sizes": []
                                }
                            },
                            "elements": [],
                            "isInner": false,
                            "widgetType": "image",
                            "elType": "widget"
                        }
                    ],
                    "isInner": false,
                    "elType": "column"
                },
                {
                    "id": "1db097b1",
                    "settings": {
                        "_column_size": 25,
                        "_inline_size": 65,
                        "_inline_size_tablet": 45,
                        "hide_mobile": "hidden-mobile"
                    },
                    "elements": [
                        {
                            "id": "369e4136",
                            "settings": {
                                "placeholder": "Search...",
                                "button_text": "Search",
                                "border_radius": {
                                    "unit": "px",
                                    "size": 5,
                                    "sizes": []
                                },
                                "button_width": {
                                    "unit": "px",
                                    "size": 1.5,
                                    "sizes": []
                                },
                                "__globals__": {
                                    "button_text_color": "globals\/colors?id=secondary",
                                    "button_background_color": "globals\/colors?id=d49ac81",
                                    "button_text_color_hover": "globals\/colors?id=secondary",
                                    "button_background_color_hover": "globals\/colors?id=332724a",
                                    "input_typography_typography": "globals\/typography?id=b2ce6af"
                                }
                            },
                            "elements": [],
                            "isInner": false,
                            "widgetType": "search-form",
                            "elType": "widget"
                        }
                    ],
                    "isInner": false,
                    "elType": "column"
                },
                {
                    "id": "54849702",
                    "settings": {
                        "_column_size": 25,
                        "_inline_size": 15,
                        "align": "flex-end",
                        "_inline_size_tablet": 25,
                        "_inline_size_mobile": 20,
                        "align_mobile": "center"
                    },
                    "elements": [
                        {
                            "id": "17d4cd0c",
                            "settings": {
                                "icon_list": [
                                    {
                                        "text": "Sign in",
                                        "selected_icon": {
                                            "value": "far fa-user-circle",
                                            "library": "fa-regular"
                                        },
                                        "_id": "07df903",
                                        "link": {
                                            "url": "#",
                                            "is_external": "",
                                            "nofollow": "",
                                            "custom_attributes": ""
                                        }
                                    }
                                ],
                                "icon_size": {
                                    "unit": "px",
                                    "size": 21,
                                    "sizes": []
                                },
                                "_element_width": "auto",
                                "__globals__": {
                                    "icon_color": "globals\/colors?id=text",
                                    "icon_typography_typography": "globals\/typography?id=520c191",
                                    "text_color": "globals\/colors?id=text",
                                    "text_color_hover": "globals\/colors?id=332724a"
                                },
                                "hide_mobile": "hidden-mobile"
                            },
                            "elements": [],
                            "isInner": false,
                            "widgetType": "icon-list",
                            "elType": "widget"
                        },
                        {
                            "id": "7fe860db",
                            "settings": {
                                "show_subtotal": "",
                                "toggle_button_border_width": {
                                    "unit": "px",
                                    "size": 0,
                                    "sizes": []
                                },
                                "toggle_icon_size": {
                                    "unit": "px",
                                    "size": 21,
                                    "sizes": []
                                },
                                "_element_width": "auto",
                                "__globals__": {
                                    "toggle_button_icon_color": "globals\/colors?id=text",
                                    "toggle_button_hover_icon_color": "globals\/colors?id=332724a",
                                    "close_cart_icon_color": "globals\/colors?id=d49ac81",
                                    "close_cart_icon_hover_color": "globals\/colors?id=332724a",
                                    "remove_item_button_color": "globals\/colors?id=4d462f5",
                                    "remove_item_button_hover_color": "globals\/colors?id=primary",
                                    "subtotal_typography_typography": "globals\/typography?id=7044a64",
                                    "product_title_typography_typography": "globals\/typography?id=69c152f",
                                    "product_variations_typography_typography": "globals\/typography?id=69c152f",
                                    "product_price_typography_typography": "globals\/typography?id=b2ce6af",
                                    "product_price_color": "",
                                    "product_quantity_color": "globals\/colors?id=primary",
                                    "divider_color": "globals\/colors?id=4d462f5",
                                    "product_buttons_typography_typography": "globals\/typography?id=520c191",
                                    "view_cart_button_text_color": "globals\/colors?id=primary",
                                    "view_cart_border_color": "globals\/colors?id=primary",
                                    "view_cart_button_hover_text_color": "globals\/colors?id=primary",
                                    "view_cart_button_hover_background": "globals\/colors?id=332724a",
                                    "view_cart_button_border_hover_color": "globals\/colors?id=332724a",
                                    "cart_checkout_button_typography_typography": "globals\/typography?id=520c191",
                                    "checkout_button_text_color": "globals\/colors?id=primary",
                                    "checkout_button_background_color": "globals\/colors?id=d49ac81",
                                    "checkout_button_hover_text_color": "globals\/colors?id=primary",
                                    "checkout_button_hover_background": "globals\/colors?id=332724a"
                                },
                                "alignment_mobile": "center",
                                "toggle_button_padding_mobile": {
                                    "unit": "px",
                                    "top": "12",
                                    "right": "12",
                                    "bottom": "12",
                                    "left": "12",
                                    "isLinked": true
                                },
                                "buttons_position": "bottom",
                                "toggle_button_icon_color": "#FFFFFF",
                                "toggle_button_background_color": "#02010100",
                                "toggle_button_hover_icon_color": "#FFF200",
                                "toggle_button_hover_background_color": "#02010100",
                                "close_cart_icon_size": {
                                    "unit": "px",
                                    "size": 28,
                                    "sizes": []
                                },
                                "close_cart_icon_color": "#FFCE00",
                                "close_cart_icon_hover_color": "#FFF200",
                                "remove_item_button_color": "#DCDCDE",
                                "remove_item_button_hover_color": "#393C41",
                                "subtotal_typography_typography": "custom",
                                "subtotal_typography_font_family": "Red Hat Display",
                                "subtotal_typography_font_size": {
                                    "unit": "px",
                                    "size": 18.660000000000000142108547152020037174224853515625,
                                    "sizes": []
                                },
                                "subtotal_typography_font_size_tablet": {
                                    "unit": "px",
                                    "size": 17.5,
                                    "sizes": []
                                },
                                "subtotal_typography_font_size_mobile": {
                                    "unit": "px",
                                    "size": 15.5999999999999996447286321199499070644378662109375,
                                    "sizes": []
                                },
                                "subtotal_typography_font_weight": "700",
                                "subtotal_typography_line_height": {
                                    "unit": "em",
                                    "size": 1.399999999999999911182158029987476766109466552734375,
                                    "sizes": []
                                },
                                "subtotal_typography_word_spacing": {
                                    "unit": "em",
                                    "size": "",
                                    "sizes": []
                                },
                                "product_title_typography_typography": "custom",
                                "product_title_typography_font_family": "Inter",
                                "product_title_typography_font_size": {
                                    "unit": "px",
                                    "size": 14,
                                    "sizes": []
                                },
                                "product_title_typography_font_size_tablet": {
                                    "unit": "px",
                                    "size": 13,
                                    "sizes": []
                                },
                                "product_title_typography_font_size_mobile": {
                                    "unit": "px",
                                    "size": 12,
                                    "sizes": []
                                },
                                "product_title_typography_font_weight": "400",
                                "product_title_typography_line_height": {
                                    "unit": "em",
                                    "size": 1.600000000000000088817841970012523233890533447265625,
                                    "sizes": []
                                },
                                "product_title_typography_word_spacing": {
                                    "unit": "em",
                                    "size": "",
                                    "sizes": []
                                },
                                "product_variations_typography_typography": "custom",
                                "product_variations_typography_font_family": "Inter",
                                "product_variations_typography_font_size": {
                                    "unit": "px",
                                    "size": 14,
                                    "sizes": []
                                },
                                "product_variations_typography_font_size_tablet": {
                                    "unit": "px",
                                    "size": 13,
                                    "sizes": []
                                },
                                "product_variations_typography_font_size_mobile": {
                                    "unit": "px",
                                    "size": 12,
                                    "sizes": []
                                },
                                "product_variations_typography_font_weight": "400",
                                "product_variations_typography_line_height": {
                                    "unit": "em",
                                    "size": 1.600000000000000088817841970012523233890533447265625,
                                    "sizes": []
                                },
                                "product_variations_typography_word_spacing": {
                                    "unit": "em",
                                    "size": "",
                                    "sizes": []
                                },
                                "product_price_typography_typography": "custom",
                                "product_price_typography_font_family": "Inter",
                                "product_price_typography_font_size": {
                                    "unit": "px",
                                    "size": 16,
                                    "sizes": []
                                },
                                "product_price_typography_font_size_tablet": {
                                    "unit": "px",
                                    "size": 15,
                                    "sizes": []
                                },
                                "product_price_typography_font_size_mobile": {
                                    "unit": "px",
                                    "size": 14,
                                    "sizes": []
                                },
                                "product_price_typography_font_weight": "400",
                                "product_price_typography_text_transform": "none",
                                "product_price_typography_font_style": "normal",
                                "product_price_typography_line_height": {
                                    "unit": "em",
                                    "size": 1.5,
                                    "sizes": []
                                },
                                "product_price_typography_word_spacing": {
                                    "unit": "em",
                                    "size": "",
                                    "sizes": []
                                },
                                "product_quantity_color": "#FFCE00",
                                "buttons_layout": "stacked",
                                "view_cart_button_background_color": "#02010100",
                                "view_cart_border_border": "solid",
                                "view_cart_border_width": {
                                    "unit": "px",
                                    "top": "2",
                                    "right": "2",
                                    "bottom": "2",
                                    "left": "2",
                                    "isLinked": true
                                },
                                "view_cart_button_border_radius": {
                                    "unit": "px",
                                    "top": "5",
                                    "right": "5",
                                    "bottom": "5",
                                    "left": "5",
                                    "isLinked": true
                                }
                            },
                            "elements": [],
                            "isInner": false,
                            "widgetType": "woocommerce-menu-cart",
                            "elType": "widget"
                        }
                    ],
                    "isInner": false,
                    "elType": "column"
                }
            ],
            "isInner": false,
            "elType": "section"
        }
    ]
}