{
    "version": "0.4",
    "title": "Login page",
    "type": "page",
    "metadata": {
        "template_type": "single-page",
        "include_in_zip": "1",
        "elementor_pro_required": "1",
        "wp_page_template": "elementor_canvas"
    },
    "content": [
        {
            "id": "9305bd1",
            "settings": {
                "content_width": {
                    "unit": "px",
                    "size": 840,
                    "sizes": []
                },
                "background_background": "classic",
                "background_color": "#F4F4F4",
                "background_color_stop": {
                    "unit": "%",
                    "size": 50,
                    "sizes": []
                },
                "background_color_b": "#FFFFFF",
                "background_color_b_stop": {
                    "unit": "%",
                    "size": 0,
                    "sizes": []
                },
                "background_gradient_angle": {
                    "unit": "deg",
                    "size": 90,
                    "sizes": []
                },
                "background_image": {
                    "url": "https:\/\/fullkit.moxcreative.com\/clicknbuy\/wp-content\/uploads\/sites\/16\/2022\/09\/bg_img.png",
                    "id": 442,
                    "alt": "",
                    "source": "library"
                },
                "background_overlay_background": "gradient",
                "background_overlay_color": "#F4F4F4CC",
                "background_overlay_color_b": "#F4F4F4",
                "background_overlay_color_b_stop": {
                    "unit": "%",
                    "size": 50,
                    "sizes": []
                },
                "background_overlay_gradient_type": "radial",
                "background_overlay_gradient_position": "bottom left",
                "background_overlay_opacity": {
                    "unit": "px",
                    "size": 1,
                    "sizes": []
                },
                "padding": {
                    "unit": "em",
                    "top": "10",
                    "right": "0",
                    "bottom": "10",
                    "left": "0",
                    "isLinked": false
                },
                "padding_tablet": {
                    "unit": "em",
                    "top": "7",
                    "right": "1",
                    "bottom": "7",
                    "left": "1",
                    "isLinked": false
                },
                "padding_mobile": {
                    "unit": "em",
                    "top": "",
                    "right": "",
                    "bottom": "",
                    "left": "",
                    "isLinked": true
                },
                "__globals__": {
                    "background_color": "globals\/colors?id=cfa1f76",
                    "background_color_b": "globals\/colors?id=text",
                    "background_overlay_color": "",
                    "background_overlay_color_b": "globals\/colors?id=cfa1f76"
                },
                "height": "full"
            },
            "elements": [
                {
                    "id": "546e3fdf",
                    "settings": {
                        "_column_size": 100,
                        "_inline_size": null,
                        "padding": {
                            "unit": "px",
                            "top": "0",
                            "right": "0",
                            "bottom": "0",
                            "left": "0",
                            "isLinked": false
                        }
                    },
                    "elements": [
                        {
                            "id": "46b35b37",
                            "settings": {
                                "content_position": "middle",
                                "overflow": "hidden",
                                "structure": "20",
                                "border_radius": {
                                    "unit": "px",
                                    "top": "10",
                                    "right": "10",
                                    "bottom": "10",
                                    "left": "10",
                                    "isLinked": true
                                },
                                "box_shadow_box_shadow_type": "yes",
                                "box_shadow_box_shadow": {
                                    "horizontal": 0,
                                    "vertical": 30,
                                    "blur": 60,
                                    "spread": 0,
                                    "color": "rgba(0, 0, 0, 0.1)"
                                }
                            },
                            "elements": [
                                {
                                    "id": "1d339cb6",
                                    "settings": {
                                        "_column_size": 50,
                                        "_inline_size": null,
                                        "background_background": "classic",
                                        "padding": {
                                            "unit": "em",
                                            "top": "4",
                                            "right": "4",
                                            "bottom": "4",
                                            "left": "4",
                                            "isLinked": true
                                        },
                                        "padding_tablet": {
                                            "unit": "em",
                                            "top": "",
                                            "right": "",
                                            "bottom": "",
                                            "left": "",
                                            "isLinked": true
                                        },
                                        "padding_mobile": {
                                            "unit": "em",
                                            "top": "3",
                                            "right": "3",
                                            "bottom": "3",
                                            "left": "3",
                                            "isLinked": true
                                        },
                                        "__globals__": {
                                            "background_color": "globals\/colors?id=text"
                                        },
                                        "animation": "fadeInLeft"
                                    },
                                    "elements": [
                                        {
                                            "id": "3042f1f",
                                            "settings": {
                                                "image": {
                                                    "url": "https:\/\/fullkit.moxcreative.com\/clicknbuy\/wp-content\/uploads\/sites\/16\/2022\/09\/logo_clicknbuy_b.png",
                                                    "id": 78,
                                                    "alt": "",
                                                    "source": "library"
                                                },
                                                "image_size": "custom",
                                                "image_custom_dimension": {
                                                    "width": "",
                                                    "height": "42"
                                                },
                                                "align": "center"
                                            },
                                            "elements": [],
                                            "isInner": false,
                                            "widgetType": "image",
                                            "elType": "widget"
                                        },
                                        {
                                            "id": "3827aa2d",
                                            "settings": {
                                                "title": "Welcome Back",
                                                "header_size": "h3",
                                                "align": "center"
                                            },
                                            "elements": [],
                                            "isInner": false,
                                            "widgetType": "heading",
                                            "elType": "widget"
                                        },
                                        {
                                            "id": "32901cc9",
                                            "settings": {
                                                "input_size": "md",
                                                "button_text": "Log In",
                                                "button_size": "md",
                                                "align": "stretch",
                                                "user_label": "Username or Email Address",
                                                "user_placeholder": "Username or Email Address",
                                                "password_label": "Password",
                                                "password_placeholder": "Password",
                                                "field_background_color": "",
                                                "__globals__": {
                                                    "label_typography_typography": "globals\/typography?id=520c191",
                                                    "field_typography_typography": "globals\/typography?id=b2ce6af",
                                                    "button_typography_typography": "globals\/typography?id=520c191"
                                                }
                                            },
                                            "elements": [],
                                            "isInner": false,
                                            "widgetType": "login",
                                            "elType": "widget"
                                        }
                                    ],
                                    "isInner": true,
                                    "elType": "column"
                                },
                                {
                                    "id": "4add9f23",
                                    "settings": {
                                        "_column_size": 50,
                                        "_inline_size": null,
                                        "padding": {
                                            "unit": "px",
                                            "top": "0",
                                            "right": "0",
                                            "bottom": "0",
                                            "left": "0",
                                            "isLinked": false
                                        },
                                        "animation": "fadeInRight"
                                    },
                                    "elements": [
                                        {
                                            "id": "6c9afa21",
                                            "settings": {
                                                "image": {
                                                    "url": "https:\/\/fullkit.moxcreative.com\/clicknbuy\/wp-content\/uploads\/sites\/16\/2022\/09\/joyful-guy-with-curly-hairs-and-beard-sits-at-table-working-on-pc.jpg",
                                                    "id": 146,
                                                    "alt": "Joyful guy with curly hairs and beard sits at table working on pc",
                                                    "source": "library"
                                                },
                                                "image_size": "full",
                                                "width": {
                                                    "unit": "%",
                                                    "size": 100,
                                                    "sizes": []
                                                },
                                                "height": {
                                                    "unit": "px",
                                                    "size": 500,
                                                    "sizes": []
                                                },
                                                "height_mobile": {
                                                    "unit": "px",
                                                    "size": 225,
                                                    "sizes": []
                                                },
                                                "object-fit": "cover"
                                            },
                                            "elements": [],
                                            "isInner": false,
                                            "widgetType": "image",
                                            "elType": "widget"
                                        }
                                    ],
                                    "isInner": true,
                                    "elType": "column"
                                }
                            ],
                            "isInner": true,
                            "elType": "section"
                        }
                    ],
                    "isInner": false,
                    "elType": "column"
                }
            ],
            "isInner": false,
            "elType": "section"
        }
    ]
}