{
    "version": "0.4",
    "title": "My Account",
    "type": "page",
    "metadata": {
        "template_type": "single-page",
        "include_in_zip": "1",
        "elementor_pro_required": "1",
        "wp_page_template": "elementor_header_footer"
    },
    "content": [
        {
            "id": "35172a34",
            "settings": {
                "content_position": "middle",
                "structure": "20",
                "background_background": "classic",
                "padding": {
                    "unit": "em",
                    "top": "2",
                    "right": "0",
                    "bottom": "2",
                    "left": "0",
                    "isLinked": false
                },
                "padding_tablet": {
                    "unit": "em",
                    "top": "",
                    "right": "",
                    "bottom": "",
                    "left": "",
                    "isLinked": true
                },
                "padding_mobile": {
                    "unit": "em",
                    "top": "",
                    "right": "",
                    "bottom": "",
                    "left": "",
                    "isLinked": true
                },
                "__globals__": {
                    "background_color": "globals\/colors?id=cfa1f76"
                }
            },
            "elements": [
                {
                    "id": "73fb3042",
                    "settings": {
                        "_column_size": 50,
                        "_inline_size": null,
                        "_inline_size_mobile": 50
                    },
                    "elements": [
                        {
                            "id": "90a2d4d",
                            "settings": {
                                "title": "My Account\n",
                                "header_size": "h3"
                            },
                            "elements": [],
                            "isInner": false,
                            "widgetType": "heading",
                            "elType": "widget"
                        }
                    ],
                    "isInner": false,
                    "elType": "column"
                },
                {
                    "id": "44e02a61",
                    "settings": {
                        "_column_size": 50,
                        "_inline_size": null,
                        "_inline_size_mobile": 50
                    },
                    "elements": [
                        {
                            "id": "8ec4365",
                            "settings": {
                                "text": "Back to shop",
                                "align": "right",
                                "size": "xs"
                            },
                            "elements": [],
                            "isInner": false,
                            "widgetType": "button",
                            "elType": "widget"
                        }
                    ],
                    "isInner": false,
                    "elType": "column"
                }
            ],
            "isInner": false,
            "elType": "section"
        },
        {
            "id": "425b5eeb",
            "settings": {
                "padding": {
                    "unit": "em",
                    "top": "3",
                    "right": "0",
                    "bottom": "7",
                    "left": "0",
                    "isLinked": false
                },
                "padding_tablet": {
                    "unit": "em",
                    "top": "3",
                    "right": "1",
                    "bottom": "3",
                    "left": "1",
                    "isLinked": false
                },
                "padding_mobile": {
                    "unit": "em",
                    "top": "2",
                    "right": "0",
                    "bottom": "2",
                    "left": "0",
                    "isLinked": false
                }
            },
            "elements": [
                {
                    "id": "5dd5bcfd",
                    "settings": {
                        "_column_size": 100,
                        "_inline_size": null
                    },
                    "elements": [
                        {
                            "id": "10165491",
                            "settings": {
                                "tabs": [
                                    {
                                        "field_key": "dashboard",
                                        "field_label": "Dashboard",
                                        "tab_name": "Dashboard",
                                        "_id": "fadca4e"
                                    },
                                    {
                                        "field_key": "orders",
                                        "field_label": "Orders",
                                        "tab_name": "Orders",
                                        "_id": "67d0213"
                                    },
                                    {
                                        "field_key": "downloads",
                                        "field_label": "Downloads",
                                        "tab_name": "Downloads",
                                        "_id": "333e2d5"
                                    },
                                    {
                                        "field_key": "edit-address",
                                        "field_label": "Addresses",
                                        "tab_name": "Addresses",
                                        "_id": "410d502"
                                    },
                                    {
                                        "field_key": "edit-account",
                                        "field_label": "Account Details",
                                        "tab_name": "Account Details",
                                        "_id": "97c6a1c"
                                    },
                                    {
                                        "field_key": "customer-logout",
                                        "field_label": "Logout",
                                        "tab_name": "Logout",
                                        "_id": "5abb751"
                                    }
                                ],
                                "tabs_normal_background_background": "classic",
                                "__globals__": {
                                    "tabs_typography_typography": "globals\/typography?id=520c191",
                                    "tabs_normal_background_color": "globals\/colors?id=cfa1f76",
                                    "tabs_hover_background_color": "globals\/colors?id=639e8dd",
                                    "tabs_hover_background_color_b": "globals\/colors?id=c3b4b98",
                                    "tabs_active_background_color": "globals\/colors?id=639e8dd",
                                    "tabs_active_background_color_b": "globals\/colors?id=c3b4b98",
                                    "tabs_normal_color": "globals\/colors?id=primary",
                                    "tabs_hover_color": "globals\/colors?id=text",
                                    "tabs_active_color": "globals\/colors?id=text",
                                    "section_titles_typography_typography": "globals\/typography?id=7044a64",
                                    "general_text_typography_typography": "globals\/typography?id=b2ce6af",
                                    "login_messages_typography_typography": "globals\/typography?id=b2ce6af",
                                    "checkboxes_typography_typography": "globals\/typography?id=b2ce6af",
                                    "payment_methods_radio_buttons_typography_typography": "globals\/typography?id=b2ce6af",
                                    "links_normal_color": "globals\/colors?id=primary",
                                    "links_hover_color": "globals\/colors?id=c3b4b98",
                                    "forms_label_typography_typography": "globals\/typography?id=520c191",
                                    "forms_label_color": "globals\/colors?id=secondary",
                                    "forms_field_typography_typography": "globals\/typography?id=69c152f",
                                    "forms_button_typography_typography": "globals\/typography?id=b2ce6af",
                                    "forms_buttons_normal_text_color": "globals\/colors?id=primary",
                                    "forms_buttons_background_color": "globals\/colors?id=d49ac81",
                                    "forms_buttons_hover_text_color": "globals\/colors?id=primary",
                                    "forms_buttons_hover_background_color": "globals\/colors?id=332724a",
                                    "tables_titles_typography_typography": "globals\/typography?id=520c191",
                                    "tables_title_color": "globals\/colors?id=primary",
                                    "tables_items_typography_typography": "globals\/typography?id=69c152f",
                                    "variations_typography_typography": "globals\/typography?id=69c152f",
                                    "tables_links_normal_color": "globals\/colors?id=primary",
                                    "tables_links_hover_color": "globals\/colors?id=c3b4b98",
                                    "tables_divider_border_color": "globals\/colors?id=4d462f5",
                                    "tables_button_typography_typography": "globals\/typography?id=69c152f",
                                    "tables_button_normal_text_color": "globals\/colors?id=primary",
                                    "tables_button_border_color": "globals\/colors?id=primary",
                                    "tables_button_hover_text_color": "globals\/colors?id=primary",
                                    "tables_button_hover_background_color": "globals\/colors?id=332724a",
                                    "tables_button_hover_border_color": "globals\/colors?id=332724a"
                                },
                                "tabs_content_spacing": {
                                    "unit": "em",
                                    "size": 2,
                                    "sizes": []
                                },
                                "tabs_content_spacing_tablet": {
                                    "unit": "em",
                                    "size": "",
                                    "sizes": []
                                },
                                "tabs_content_spacing_mobile": {
                                    "unit": "em",
                                    "size": "",
                                    "sizes": []
                                },
                                "tabs_hover_background_background": "gradient",
                                "tabs_hover_background_gradient_angle": {
                                    "unit": "deg",
                                    "size": 135,
                                    "sizes": []
                                },
                                "tabs_active_background_background": "gradient",
                                "tabs_active_background_gradient_angle": {
                                    "unit": "deg",
                                    "size": 135,
                                    "sizes": []
                                },
                                "tabs_border_radius": {
                                    "unit": "px",
                                    "top": "5",
                                    "right": "5",
                                    "bottom": "5",
                                    "left": "5",
                                    "isLinked": true
                                },
                                "tabs_padding": {
                                    "unit": "px",
                                    "top": "14",
                                    "right": "14",
                                    "bottom": "14",
                                    "left": "14",
                                    "isLinked": true
                                },
                                "tabs_spacing": {
                                    "unit": "px",
                                    "size": 7,
                                    "sizes": [],
                                    "px": 0
                                },
                                "sections_border_type": "none",
                                "sections_padding": {
                                    "unit": "px",
                                    "top": "0",
                                    "right": "0",
                                    "bottom": "0",
                                    "left": "0",
                                    "isLinked": false
                                },
                                "forms_rows_gap": {
                                    "unit": "px",
                                    "size": 14,
                                    "sizes": [],
                                    "px": 0
                                },
                                "forms_label_spacing": {
                                    "unit": "px",
                                    "size": 7,
                                    "sizes": [],
                                    "px": 0
                                },
                                "forms_fields_border_radius": {
                                    "unit": "px",
                                    "top": "5",
                                    "right": "5",
                                    "bottom": "5",
                                    "left": "5",
                                    "isLinked": true
                                },
                                "forms_buttons_background_background": "classic",
                                "forms_buttons_hover_background_background": "classic",
                                "forms_buttons_border_radius": {
                                    "unit": "px",
                                    "top": "5",
                                    "right": "5",
                                    "bottom": "5",
                                    "left": "5",
                                    "isLinked": true
                                },
                                "tables_divider_border_type": "solid",
                                "tables_divider_border_width": {
                                    "unit": "px",
                                    "size": 1,
                                    "sizes": [],
                                    "px": 0
                                },
                                "tables_button_hover_background_background": "classic",
                                "tables_button_border_type": "solid",
                                "tables_button_border_width": {
                                    "unit": "px",
                                    "top": "2",
                                    "right": "2",
                                    "bottom": "2",
                                    "left": "2",
                                    "isLinked": true
                                },
                                "tables_button_border_radius": {
                                    "unit": "px",
                                    "top": "5",
                                    "right": "5",
                                    "bottom": "5",
                                    "left": "5",
                                    "isLinked": true
                                }
                            },
                            "elements": [],
                            "isInner": false,
                            "widgetType": "woocommerce-my-account",
                            "elType": "widget"
                        }
                    ],
                    "isInner": false,
                    "elType": "column"
                }
            ],
            "isInner": false,
            "elType": "section"
        }
    ]
}