{
    "version": "0.4",
    "title": "Thank You Page",
    "type": "page",
    "metadata": {
        "template_type": "single-page",
        "include_in_zip": "1",
        "elementor_pro_required": "1",
        "wp_page_template": "elementor_header_footer"
    },
    "content": [
        {
            "id": "3e60dbcc",
            "settings": {
                "padding": {
                    "unit": "em",
                    "top": "7",
                    "right": "0",
                    "bottom": "7",
                    "left": "0",
                    "isLinked": false
                },
                "padding_tablet": {
                    "unit": "em",
                    "top": "3",
                    "right": "1",
                    "bottom": "3",
                    "left": "1",
                    "isLinked": false
                },
                "padding_mobile": {
                    "unit": "em",
                    "top": "2",
                    "right": "0",
                    "bottom": "2",
                    "left": "0",
                    "isLinked": false
                }
            },
            "elements": [
                {
                    "id": "152044bc",
                    "settings": {
                        "_column_size": 100,
                        "_inline_size": null
                    },
                    "elements": [
                        {
                            "id": "18310514",
                            "settings": {
                                "confirmation_message_text": "Thank You. Your order has been received.",
                                "confirmation_message_alignment": "center",
                                "payment_details_number": "Order Number:",
                                "payment_details_date": "Order Date:",
                                "payment_details_email": "Order Email:",
                                "payment_details_total": "Order Total:",
                                "payment_details_payment": "Payment Method:",
                                "bank_details_text": "Our Bank Details",
                                "downloads_text": "Downloads",
                                "order_summary_text": "Order Details",
                                "billing_details_text": "Billing Details",
                                "shipping_details_text": "Shipping Details",
                                "sections_border_type": "none",
                                "sections_padding": {
                                    "unit": "px",
                                    "top": "0",
                                    "right": "0",
                                    "bottom": "0",
                                    "left": "0",
                                    "isLinked": false
                                },
                                "confirmation_message_color": "#2B2B2B",
                                "confirmation_message_typography_typography": "custom",
                                "confirmation_message_typography_font_family": "Red Hat Display",
                                "confirmation_message_typography_font_size": {
                                    "unit": "px",
                                    "size": 33.159999999999996589394868351519107818603515625,
                                    "sizes": []
                                },
                                "confirmation_message_typography_font_size_tablet": {
                                    "unit": "px",
                                    "size": 27.339999999999999857891452847979962825775146484375,
                                    "sizes": []
                                },
                                "confirmation_message_typography_font_size_mobile": {
                                    "unit": "px",
                                    "size": 22.46000000000000085265128291212022304534912109375,
                                    "sizes": []
                                },
                                "confirmation_message_typography_font_weight": "700",
                                "confirmation_message_typography_font_style": "normal",
                                "confirmation_message_typography_line_height": {
                                    "unit": "em",
                                    "size": 1.1999999999999999555910790149937383830547332763671875,
                                    "sizes": []
                                },
                                "confirmation_message_typography_letter_spacing": {
                                    "unit": "px",
                                    "size": -1,
                                    "sizes": []
                                },
                                "confirmation_message_typography_word_spacing": {
                                    "unit": "em",
                                    "size": "",
                                    "sizes": []
                                },
                                "titles_color": "#2B2B2B",
                                "titles_typography_typography": "custom",
                                "titles_typography_font_family": "Red Hat Display",
                                "titles_typography_font_size": {
                                    "unit": "px",
                                    "size": 24.879999999999999005240169935859739780426025390625,
                                    "sizes": []
                                },
                                "titles_typography_font_size_tablet": {
                                    "unit": "px",
                                    "size": 21.879999999999999005240169935859739780426025390625,
                                    "sizes": []
                                },
                                "titles_typography_font_size_mobile": {
                                    "unit": "px",
                                    "size": 18.719999999999998863131622783839702606201171875,
                                    "sizes": []
                                },
                                "titles_typography_font_weight": "700",
                                "titles_typography_font_style": "normal",
                                "titles_typography_line_height": {
                                    "unit": "em",
                                    "size": 1.3000000000000000444089209850062616169452667236328125,
                                    "sizes": []
                                },
                                "titles_typography_word_spacing": {
                                    "unit": "em",
                                    "size": "",
                                    "sizes": []
                                },
                                "titles_spacing": {
                                    "unit": "px",
                                    "size": 21,
                                    "sizes": []
                                },
                                "general_text_color": "#393C41",
                                "general_text_typography_typography": "custom",
                                "general_text_typography_font_family": "Inter",
                                "general_text_typography_font_size": {
                                    "unit": "px",
                                    "size": 14,
                                    "sizes": []
                                },
                                "general_text_typography_font_size_tablet": {
                                    "unit": "px",
                                    "size": 13,
                                    "sizes": []
                                },
                                "general_text_typography_font_size_mobile": {
                                    "unit": "px",
                                    "size": 12,
                                    "sizes": []
                                },
                                "general_text_typography_font_weight": "400",
                                "general_text_typography_line_height": {
                                    "unit": "em",
                                    "size": 1.600000000000000088817841970012523233890533447265625,
                                    "sizes": []
                                },
                                "general_text_typography_word_spacing": {
                                    "unit": "em",
                                    "size": "",
                                    "sizes": []
                                },
                                "payment_details_space_between": {
                                    "unit": "px",
                                    "size": 21,
                                    "sizes": [],
                                    "px": 0
                                },
                                "payment_details_titles_typography_typography": "custom",
                                "payment_details_titles_typography_font_family": "Inter",
                                "payment_details_titles_typography_font_size": {
                                    "unit": "px",
                                    "size": 15,
                                    "sizes": []
                                },
                                "payment_details_titles_typography_font_size_tablet": {
                                    "unit": "px",
                                    "size": 15,
                                    "sizes": []
                                },
                                "payment_details_titles_typography_font_size_mobile": {
                                    "unit": "px",
                                    "size": 14,
                                    "sizes": []
                                },
                                "payment_details_titles_typography_font_weight": "700",
                                "payment_details_titles_typography_line_height": {
                                    "unit": "em",
                                    "size": 1.5,
                                    "sizes": []
                                },
                                "payment_details_titles_typography_word_spacing": {
                                    "unit": "em",
                                    "size": "",
                                    "sizes": []
                                },
                                "payment_details_titles_spacing": {
                                    "unit": "px",
                                    "size": 0,
                                    "sizes": []
                                },
                                "payment_details_items_typography_typography": "custom",
                                "payment_details_items_typography_font_family": "Inter",
                                "payment_details_items_typography_font_size": {
                                    "unit": "px",
                                    "size": 13,
                                    "sizes": []
                                },
                                "payment_details_items_typography_font_size_tablet": {
                                    "unit": "px",
                                    "size": 12,
                                    "sizes": []
                                },
                                "payment_details_items_typography_font_size_mobile": {
                                    "unit": "px",
                                    "size": 11,
                                    "sizes": []
                                },
                                "payment_details_items_typography_font_weight": "400",
                                "payment_details_items_typography_line_height": {
                                    "unit": "em",
                                    "size": "",
                                    "sizes": []
                                },
                                "payment_details_items_typography_word_spacing": {
                                    "unit": "em",
                                    "size": "",
                                    "sizes": []
                                },
                                "payment_details_border_type": "dashed",
                                "payment_details_border_width": {
                                    "unit": "px",
                                    "size": 1,
                                    "sizes": []
                                },
                                "payment_details_border_color": "#DCDCDE",
                                "account_title_typography_font_family": "Inter",
                                "account_title_typography_font_size": {
                                    "unit": "px",
                                    "size": 15,
                                    "sizes": []
                                },
                                "account_title_typography_font_size_tablet": {
                                    "unit": "px",
                                    "size": 15,
                                    "sizes": []
                                },
                                "account_title_typography_font_size_mobile": {
                                    "unit": "px",
                                    "size": 14,
                                    "sizes": []
                                },
                                "account_title_typography_font_weight": "700",
                                "account_title_typography_line_height": {
                                    "unit": "em",
                                    "size": 1.5,
                                    "sizes": []
                                },
                                "account_title_typography_word_spacing": {
                                    "unit": "em",
                                    "size": "",
                                    "sizes": []
                                },
                                "bank_details_border_type": "solid",
                                "bank_details_border_width": {
                                    "unit": "px",
                                    "size": 1,
                                    "sizes": []
                                },
                                "order_details_rows_gap": {
                                    "unit": "px",
                                    "size": 14,
                                    "sizes": [],
                                    "px": 0
                                },
                                "order_details_border_type": "solid",
                                "order_details_border_width": {
                                    "unit": "px",
                                    "size": 1,
                                    "sizes": []
                                },
                                "order_details_button_normal_background_background": "classic",
                                "order_details_button_hover_background_background": "classic",
                                "__globals__": {
                                    "confirmation_message_typography_typography": "globals\/typography?id=d3dae9a",
                                    "titles_color": "globals\/colors?id=secondary",
                                    "confirmation_message_color": "globals\/colors?id=secondary",
                                    "titles_typography_typography": "globals\/typography?id=83682a1",
                                    "general_text_typography_typography": "globals\/typography?id=69c152f",
                                    "general_text_color": "globals\/colors?id=primary",
                                    "payment_details_titles_typography_typography": "globals\/typography?id=520c191",
                                    "payment_details_items_typography_typography": "globals\/typography?id=112b6c4",
                                    "payment_details_border_color": "globals\/colors?id=4d462f5",
                                    "account_title_typography_typography": "",
                                    "bank_details_items_typography_typography": "globals\/typography?id=69c152f",
                                    "bank_details_titles_typography_typography": "globals\/typography?id=520c191",
                                    "bank_details_border_color": "globals\/colors?id=4d462f5",
                                    "order_details_titles_totals_typography_typography": "globals\/typography?id=520c191",
                                    "order_details_titles_totals_color": "globals\/colors?id=secondary",
                                    "order_details_items_typography_typography": "globals\/typography?id=69c152f",
                                    "order_details_items_color": "globals\/colors?id=primary",
                                    "order_details_variations_typography_typography": "globals\/typography?id=69c152f",
                                    "order_details_product_links_normal_color": "globals\/colors?id=primary",
                                    "order_details_product_links_hover_color": "globals\/colors?id=c3b4b98",
                                    "order_details_border_color": "globals\/colors?id=4d462f5",
                                    "order_details_button_typography_typography": "globals\/typography?id=b2ce6af",
                                    "order_details_button_normal_text_color": "globals\/colors?id=primary",
                                    "order_details_button_normal_background_color": "globals\/colors?id=d49ac81",
                                    "order_details_button_hover_text_color": "globals\/colors?id=primary",
                                    "order_details_button_hover_background_color": "globals\/colors?id=332724a"
                                },
                                "payment_details_titles_typography_text_decoration": "",
                                "payment_details_items_typography_text_decoration": ""
                            },
                            "elements": [],
                            "isInner": false,
                            "widgetType": "woocommerce-purchase-summary",
                            "elType": "widget"
                        }
                    ],
                    "isInner": false,
                    "elType": "column"
                }
            ],
            "isInner": false,
            "elType": "section"
        }
    ]
}